country,year,sdg,narrative_weight,finance_eur,narrative_share,finance_share,gap_pp
finland,2019,1,24.0,0.0,0.009091,0.0,0.9
finland,2019,2,0.0,0.0,0.0,0.0,0.0
finland,2019,3,143.0,0.0,0.054167,0.0,5.4
finland,2019,4,103.0,0.0,0.039015,0.0,3.9
finland,2019,5,212.0,0.0,0.080303,0.0,8.0
finland,2019,6,12.0,0.0,0.004545,0.0,0.5
finland,2019,7,135.5,0.0,0.051326,0.0,5.1
finland,2019,8,280.0,0.0,0.106061,0.0,10.6
finland,2019,9,155.0,0.0,0.058712,0.0,5.9
finland,2019,10,129.0,0.0,0.048864,0.0,4.9
finland,2019,11,49.0,0.0,0.018561,0.0,1.9
finland,2019,12,312.0,0.0,0.118182,0.0,11.8
finland,2019,13,614.0,0.0,0.232576,0.0,23.3
finland,2019,14,0.0,0.0,0.0,0.0,0.0
finland,2019,15,6.0,0.0,0.002273,0.0,0.2
finland,2019,16,309.5,0.0,0.117235,0.0,11.7
finland,2019,17,156.0,0.0,0.059091,0.0,5.9
finland,2020,1,111.0,0.0,0.021678,0.0,2.2
finland,2020,2,0.0,0.0,0.0,0.0,0.0
finland,2020,3,272.8,0.0,0.053278,0.0,5.3
finland,2020,4,212.5,0.0,0.041501,0.0,4.2
finland,2020,5,285.5,0.0,0.055758,0.0,5.6
finland,2020,6,3.0,0.0,0.000586,0.0,0.1
finland,2020,7,281.0,1316705000.0,0.05488,0.499374,-44.4
finland,2020,8,710.0,0.0,0.138664,0.0,13.9
finland,2020,9,278.0,0.0,0.054294,0.0,5.4
finland,2020,10,181.5,0.0,0.035447,0.0,3.5
finland,2020,11,145.0,0.0,0.028319,0.0,2.8
finland,2020,12,577.0,0.0,0.112689,0.0,11.3
finland,2020,13,1084.5,1316705000.0,0.211804,0.499374,-28.8
finland,2020,14,24.0,3300000.0,0.004687,0.001252,0.3
finland,2020,15,77.0,0.0,0.015038,0.0,1.5
finland,2020,16,598.5,0.0,0.116888,0.0,11.7
finland,2020,17,279.0,0.0,0.054489,0.0,5.4
finland,2021,1,52.0,0.0,0.009019,0.0,0.9
finland,2021,2,16.0,0.0,0.002775,0.0,0.3
finland,2021,3,189.5,0.0,0.032869,0.0,3.3
finland,2021,4,306.0,0.0,0.053076,0.0,5.3
finland,2021,5,358.0,0.0,0.062096,0.0,6.2
finland,2021,6,39.0,0.0,0.006765,0.0,0.7
finland,2021,7,225.5,43934000.0,0.039113,0.5,-46.1
finland,2021,8,665.6,0.0,0.115449,0.0,11.5
finland,2021,9,303.0,0.0,0.052556,0.0,5.3
finland,2021,10,193.2,0.0,0.033511,0.0,3.4
finland,2021,11,115.5,0.0,0.020034,0.0,2.0
finland,2021,12,571.0,0.0,0.099041,0.0,9.9
finland,2021,13,1603.0,43934000.0,0.278043,0.5,-22.2
finland,2021,14,60.0,0.0,0.010407,0.0,1.0
finland,2021,15,76.0,0.0,0.013182,0.0,1.3
finland,2021,16,690.0,0.0,0.119682,0.0,12.0
finland,2021,17,302.0,0.0,0.052382,0.0,5.2
finland,2022,1,61.0,0.0,0.009244,0.0,0.9
finland,2022,2,31.0,0.0,0.004698,0.0,0.5
finland,2022,3,187.5,0.0,0.028413,0.0,2.8
finland,2022,4,231.0,0.0,0.035005,0.0,3.5
finland,2022,5,387.0,0.0,0.058645,0.0,5.9
finland,2022,6,34.0,0.0,0.005152,0.0,0.5
finland,2022,7,423.5,2581486500.0,0.064176,0.5,-43.6
finland,2022,8,756.0,0.0,0.114563,0.0,11.5
finland,2022,9,301.0,0.0,0.045613,0.0,4.6
finland,2022,10,163.0,0.0,0.024701,0.0,2.5
finland,2022,11,146.0,0.0,0.022125,0.0,2.2
finland,2022,12,777.0,0.0,0.117745,0.0,11.8
finland,2022,13,1867.0,2581486500.0,0.282922,0.5,-21.7
finland,2022,14,62.0,0.0,0.009395,0.0,0.9
finland,2022,15,124.0,0.0,0.018791,0.0,1.9
finland,2022,16,803.0,0.0,0.121685,0.0,12.2
finland,2022,17,245.0,0.0,0.037127,0.0,3.7
finland,2023,1,78.0,0.0,0.007517,0.0,0.8
finland,2023,2,50.0,0.0,0.004819,0.0,0.5
finland,2023,3,359.0,0.0,0.034599,0.0,3.5
finland,2023,4,335.0,0.0,0.032286,0.0,3.2
finland,2023,5,406.0,0.0,0.039129,0.0,3.9
finland,2023,6,139.0,0.0,0.013396,0.0,1.3
finland,2023,7,734.5,4855342260.0,0.070788,0.4331,-36.2
finland,2023,8,990.0,0.0,0.095412,0.0,9.5
finland,2023,9,552.0,0.0,0.0532,0.0,5.3
finland,2023,10,263.0,0.0,0.025347,0.0,2.5
finland,2023,11,261.0,0.0,0.025154,0.0,2.5
finland,2023,12,1092.5,0.0,0.105291,0.0,10.5
finland,2023,13,3285.0,6355342260.0,0.316596,0.5669,-25.0
finland,2023,14,187.5,0.0,0.018071,0.0,1.8
finland,2023,15,373.0,0.0,0.035948,0.0,3.6
finland,2023,16,888.0,0.0,0.085582,0.0,8.6
finland,2023,17,382.5,0.0,0.036864,0.0,3.7
finland,2024,1,115.0,0.0,0.006282,0.0,0.6
finland,2024,2,16.0,0.0,0.000874,0.0,0.1
finland,2024,3,683.0,0.0,0.037312,0.0,3.7
finland,2024,4,422.5,6250.0,0.023081,1e-06,2.3
finland,2024,5,1064.5,0.0,0.058154,0.0,5.8
finland,2024,6,628.5,0.0,0.034335,0.0,3.4
finland,2024,7,1082.5,4723661730.0,0.059137,0.499999,-44.1
finland,2024,8,2017.0,0.0,0.110188,0.0,11.0
finland,2024,9,573.5,0.0,0.03133,0.0,3.1
finland,2024,10,836.0,0.0,0.045671,0.0,4.6
finland,2024,11,280.0,0.0,0.015296,0.0,1.5
finland,2024,12,1646.5,0.0,0.089948,0.0,9.0
finland,2024,13,4775.0,4723661730.0,0.260858,0.499999,-23.9
finland,2024,14,681.0,0.0,0.037203,0.0,3.7
finland,2024,15,1292.5,0.0,0.070609,0.0,7.1
finland,2024,16,1944.0,0.0,0.1062,0.0,10.6
finland,2024,17,247.5,6250.0,0.013521,1e-06,1.4
ukraine,2019,1,0.0,0.0,0.0,0.0,0.0
ukraine,2019,2,16.0,0.0,0.005742,0.0,0.6
ukraine,2019,3,136.0,0.0,0.048805,0.0,4.9
ukraine,2019,4,123.5,0.0,0.044319,0.0,4.4
ukraine,2019,5,43.5,0.0,0.01561,0.0,1.6
ukraine,2019,6,0.0,0.0,0.0,0.0,0.0
ukraine,2019,7,83.5,0.0,0.029965,0.0,3.0
ukraine,2019,8,690.4,0.0,0.247757,0.0,24.8
ukraine,2019,9,353.2,0.0,0.126749,0.0,12.7
ukraine,2019,10,59.0,0.0,0.021173,0.0,2.1
ukraine,2019,11,0.0,0.0,0.0,0.0,0.0
ukraine,2019,12,64.0,0.0,0.022967,0.0,2.3
ukraine,2019,13,98.5,0.0,0.035348,0.0,3.5
ukraine,2019,14,0.0,0.0,0.0,0.0,0.0
ukraine,2019,15,8.0,0.0,0.002871,0.0,0.3
ukraine,2019,16,1000.5,0.0,0.35904,0.0,35.9
ukraine,2019,17,110.5,0.0,0.039654,0.0,4.0
ukraine,2020,1,6.0,0.0,0.002262,0.0,0.2
ukraine,2020,2,27.0,0.0,0.010179,0.0,1.0
ukraine,2020,3,192.0,0.0,0.072387,0.0,7.2
ukraine,2020,4,98.0,0.0,0.036948,0.0,3.7
ukraine,2020,5,26.0,0.0,0.009802,0.0,1.0
ukraine,2020,6,0.0,0.0,0.0,0.0,0.0
ukraine,2020,7,82.0,174800000.0,0.030915,0.5,-46.9
ukraine,2020,8,651.0,0.0,0.245438,0.0,24.5
ukraine,2020,9,349.5,0.0,0.131767,0.0,13.2
ukraine,2020,10,35.0,0.0,0.013196,0.0,1.3
ukraine,2020,11,0.0,0.0,0.0,0.0,0.0
ukraine,2020,12,67.0,0.0,0.02526,0.0,2.5
ukraine,2020,13,135.0,174800000.0,0.050897,0.5,-44.9
ukraine,2020,14,0.0,0.0,0.0,0.0,0.0
ukraine,2020,15,0.0,0.0,0.0,0.0,0.0
ukraine,2020,16,896.4,0.0,0.337958,0.0,33.8
ukraine,2020,17,87.5,0.0,0.032989,0.0,3.3
ukraine,2021,1,101.5,3104.64,0.030047,9e-06,3.0
ukraine,2021,2,63.0,0.0,0.01865,0.0,1.9
ukraine,2021,3,129.0,55394.49,0.038188,0.000157,3.8
ukraine,2021,4,117.0,0.0,0.034636,0.0,3.5
ukraine,2021,5,53.5,0.0,0.015838,0.0,1.6
ukraine,2021,6,0.0,0.0,0.0,0.0,0.0
ukraine,2021,7,107.0,176300000.0,0.031676,0.499917,-46.8
ukraine,2021,8,651.0,0.0,0.192718,0.0,19.3
ukraine,2021,9,575.0,0.0,0.170219,0.0,17.0
ukraine,2021,10,56.0,0.0,0.016578,0.0,1.7
ukraine,2021,11,15.0,0.0,0.00444,0.0,0.4
ukraine,2021,12,109.0,0.0,0.032268,0.0,3.2
ukraine,2021,13,155.0,176300000.0,0.045885,0.499917,-45.4
ukraine,2021,14,0.0,0.0,0.0,0.0,0.0
ukraine,2021,15,8.0,0.0,0.002368,0.0,0.2
ukraine,2021,16,1058.0,0.0,0.313203,0.0,31.3
ukraine,2021,17,180.0,0.0,0.053286,0.0,5.3
ukraine,2022,1,193.0,0.0,0.055119,0.0,5.5
ukraine,2022,2,123.0,0.0,0.035128,0.0,3.5
ukraine,2022,3,210.0,44770.38,0.059974,1.0,-94.0
ukraine,2022,4,134.0,0.0,0.038269,0.0,3.8
ukraine,2022,5,23.0,0.0,0.006569,0.0,0.7
ukraine,2022,6,0.0,0.0,0.0,0.0,0.0
ukraine,2022,7,33.0,0.0,0.009425,0.0,0.9
ukraine,2022,8,763.5,0.0,0.218049,0.0,21.8
ukraine,2022,9,449.0,0.0,0.128231,0.0,12.8
ukraine,2022,10,105.0,0.0,0.029987,0.0,3.0
ukraine,2022,11,54.0,0.0,0.015422,0.0,1.5
ukraine,2022,12,18.0,0.0,0.005141,0.0,0.5
ukraine,2022,13,20.0,0.0,0.005712,0.0,0.6
ukraine,2022,14,0.0,0.0,0.0,0.0,0.0
ukraine,2022,15,8.0,0.0,0.002285,0.0,0.2
ukraine,2022,16,1204.0,0.0,0.343853,0.0,34.4
ukraine,2022,17,164.0,0.0,0.046837,0.0,4.7
ukraine,2023,1,181.0,0.0,0.032058,0.0,3.2
ukraine,2023,2,189.0,0.0,0.033475,0.0,3.3
ukraine,2023,3,284.5,0.0,0.05039,0.0,5.0
ukraine,2023,4,229.0,1634.61,0.04056,1.1e-05,4.1
ukraine,2023,5,55.0,0.0,0.009741,0.0,1.0
ukraine,2023,6,0.0,0.0,0.0,0.0,0.0
ukraine,2023,7,140.0,71070000.0,0.024796,0.499555,-47.5
ukraine,2023,8,1088.5,62423.15,0.192791,0.000439,19.2
ukraine,2023,9,862.0,0.0,0.152674,0.0,15.3
ukraine,2023,10,189.0,62423.15,0.033475,0.000439,3.3
ukraine,2023,11,127.5,0.0,0.022582,0.0,2.3
ukraine,2023,12,114.0,0.0,0.020191,0.0,2.0
ukraine,2023,13,204.0,71070000.0,0.036132,0.499555,-46.3
ukraine,2023,14,0.0,0.0,0.0,0.0,0.0
ukraine,2023,15,6.0,0.0,0.001063,0.0,0.1
ukraine,2023,16,1492.5,0.0,0.264346,0.0,26.4
ukraine,2023,17,484.0,0.0,0.085724,0.0,8.6
ukraine,2024,1,208.5,0.0,0.037439,0.0,3.7
ukraine,2024,2,119.8,0.0,0.021512,0.0,2.2
ukraine,2024,3,234.7,0.0,0.042143,0.0,4.2
ukraine,2024,4,233.0,0.0,0.041838,0.0,4.2
ukraine,2024,5,138.0,0.0,0.02478,0.0,2.5
ukraine,2024,6,0.0,0.0,0.0,0.0,0.0
ukraine,2024,7,318.0,0.0,0.057101,0.0,5.7
ukraine,2024,8,1025.5,0.0,0.184141,0.0,18.4
ukraine,2024,9,645.3,0.0,0.115872,0.0,11.6
ukraine,2024,10,311.5,0.0,0.055934,0.0,5.6
ukraine,2024,11,149.0,0.0,0.026755,0.0,2.7
ukraine,2024,12,260.9,0.0,0.046848,0.0,4.7
ukraine,2024,13,324.4,0.0,0.05825,0.0,5.8
ukraine,2024,14,0.0,0.0,0.0,0.0,0.0
ukraine,2024,15,13.0,0.0,0.002334,0.0,0.2
ukraine,2024,16,1144.5,0.0,0.205509,0.0,20.6
ukraine,2024,17,443.0,0.0,0.079546,0.0,8.0
