country,sdg,narrative_weight,finance_eur,narrative_share,finance_share,gap_pp
finland,1,441.0,0.0,0.009036,0.0,0.9
finland,2,113.0,0.0,0.002315,0.0,0.2
finland,3,1834.8,0.0,0.037594,0.0,3.8
finland,4,1610.0,6250.0,0.032988,0.0,3.3
finland,5,2713.0,0.0,0.055588,0.0,5.6
finland,6,855.5,0.0,0.017529,0.0,1.8
finland,7,2882.5,13521129490.0,0.059061,0.473668,-41.5
finland,8,5418.6,0.0,0.111024,0.0,11.1
finland,9,2162.5,0.0,0.044308,0.0,4.4
finland,10,1765.7,0.0,0.036178,0.0,3.6
finland,11,996.5,0.0,0.020418,0.0,2.0
finland,12,4976.0,0.0,0.101956,0.0,10.2
finland,13,13228.5,15021129490.0,0.271045,0.526216,-25.5
finland,14,1014.5,3300000.0,0.020787,0.000116,2.1
finland,15,1948.5,0.0,0.039924,0.0,4.0
finland,16,5233.0,0.0,0.107221,0.0,10.7
finland,17,1612.0,6250.0,0.033029,0.0,3.3
ukraine,1,690.0,3104.64,0.02932,4e-06,2.9
ukraine,2,537.8,0.0,0.022852,0.0,2.3
ukraine,3,1186.2,100164.87,0.050405,0.000119,5.0
ukraine,4,934.5,1634.61,0.039709,2e-06,4.0
ukraine,5,339.0,0.0,0.014405,0.0,1.4
ukraine,6,0.0,0.0,0.0,0.0,0.0
ukraine,7,763.5,422170000.0,0.032443,0.499864,-46.7
ukraine,8,4869.9,62423.15,0.206934,7.4e-05,20.7
ukraine,9,3234.0,0.0,0.137421,0.0,13.7
ukraine,10,755.5,62423.15,0.032103,7.4e-05,3.2
ukraine,11,345.5,0.0,0.014681,0.0,1.5
ukraine,12,632.9,0.0,0.026893,0.0,2.7
ukraine,13,936.9,422170000.0,0.039811,0.499864,-46.0
ukraine,14,0.0,0.0,0.0,0.0,0.0
ukraine,15,43.0,0.0,0.001827,0.0,0.2
ukraine,16,6795.9,0.0,0.288774,0.0,28.9
ukraine,17,1469.0,0.0,0.062421,0.0,6.2
