id,sdg,score,jrc_missed,missed_thresholds
a92a39b,1,4.0,True,5
b95e372,1,5.0,True,
24e1182,1,5.0,True,
19b3ea9,1,5.0,True,
de72a45,1,2.0,False,3;4;5
95a0b06,1,4.0,False,5
1cf90d9,1,4.0,False,5
f813903,1,4.0,True,5
781d9dc,1,4.0,False,5
fc7d9f8,1,5.0,True,
3850b29,1,5.0,True,
e0bbd16,1,4.0,True,5
6904a99,1,5.0,True,
44ff711,1,4.0,False,5
971093f,1,2.0,True,3;4;5
7a3dad7,2,4.5,False,5
1104b2e,2,3.0,True,4;5
952557a,2,2.0,True,3;4;5
57bd677,2,2.0,True,3;4;5
ee3ae41,2,5.0,True,
2da6535,2,4.0,True,5
a1ec672,2,3.0,True,4;5
f7b3712,2,3.0,True,4;5
561bffb,2,0.0,True,1;2;3;4;5
788da08,2,4.0,False,5
3af103a,2,4.0,False,5
ef8373f,2,4.0,False,5
9e189dd,2,4.0,True,5
8ecd725,2,4.0,True,5
eaa2651,2,0.0,True,1;2;3;4;5
e1d4e11,2,4.0,False,5
66e148d,2,4.0,False,5
e29edda,2,5.0,True,
30b270c,2,4.5,True,5
e34a086,2,4.0,True,5
746ab3e,2,4.5,False,5
1718e5a,2,4.0,False,5
f68cfd6,2,4.0,False,5
0a3bca8,2,5.0,True,
51fe8bc,2,4.0,False,5
901c3a2,2,4.0,False,5
bf8c7ca,2,4.5,False,5
fa8ab15,2,4.0,True,5
d8ff0a3,2,4.0,False,5
6e78863,2,0.0,True,1;2;3;4;5
11bd88c,2,4.0,True,5
93653f1,2,4.0,False,5
5217f32,2,4.5,True,5
db66003,2,4.0,False,5
3f2b5a9,3,5.0,True,
2ab0721,3,4.0,False,5
6ed87b0,3,4.0,True,5
80b85ea,3,5.0,True,
106722c,3,2.5,False,3;4;5
8519b32,3,4.5,False,5
3d21472,3,4.0,False,5
009c49d,3,4.0,False,5
54161b0,3,2.0,False,3;4;5
f127415,3,3.0,True,4;5
cc3c698,3,3.0,False,4;5
f9d6d19,3,4.0,False,5
8dfe739,3,4.5,True,5
e4221d4,3,4.0,True,5
6d60749,3,4.5,False,5
d93e4c7,3,5.0,True,
59e2f95,3,2.5,False,3;4;5
3f086c2,3,4.0,False,5
41fc33b,4,5.0,True,
b9792a8,4,4.0,False,5
704a8d9,4,2.0,True,3;4;5
f86dd4b,4,5.0,True,
4d7c23e,4,5.0,True,
dc20f44,4,4.0,False,5
b1ee825,4,5.0,True,
c8f5aca,4,4.0,True,5
2d5ea0b,4,5.0,True,
bd211ab,4,4.5,False,5
2372b44,4,4.0,True,5
c33b6fb,4,3.0,False,4;5
c5f647d,4,4.0,True,5
02f1442,4,4.5,True,5
4b6821c,4,4.5,True,5
507fb63,4,2.0,False,3;4;5
c254881,4,4.0,True,5
6b7c177,4,4.5,False,5
c3771b8,4,4.0,False,5
9e16a4e,4,4.0,True,5
d2845d2,4,5.0,True,
44f68eb,4,2.0,False,3;4;5
e056a30,4,4.0,True,5
647e79a,4,5.0,True,
9e1fd32,4,0.0,True,1;2;3;4;5
bfbcec6,4,3.0,True,4;5
3e5e70f,4,4.0,True,5
0d0d8d6,4,4.0,False,5
87b6a57,4,4.0,True,5
d3ee179,4,4.0,True,5
d7f15fc,4,2.5,True,3;4;5
6338f0e,4,2.0,True,3;4;5
8ca5c9a,5,2.0,False,3;4;5
fdc3424,5,4.0,True,5
8eb1668,5,0.0,True,1;2;3;4;5
1db7b23,5,4.0,True,5
8078aa6,5,4.0,False,5
33bf1f2,5,3.0,False,4;5
028bcf5,5,3.0,True,4;5
4ef68c2,5,5.0,True,
a7fff45,5,3.0,True,4;5
6fa84b5,5,2.0,True,3;4;5
a914401,5,3.0,True,4;5
aafadec,5,4.0,False,5
7f027ae,5,4.5,False,5
e462362,5,4.5,False,5
60ca035,5,5.0,True,
d996e32,5,0.0,True,1;2;3;4;5
3eef7e6,5,5.0,True,
ccfa3db,5,5.0,True,
5ffb1c7,5,4.0,True,5
23d7a93,5,3.0,False,4;5
15f74f6,5,5.0,True,
7099723,5,4.0,True,5
fc03f8f,5,2.0,False,3;4;5
c2dfcba,5,2.5,True,3;4;5
83bb461,5,4.0,False,5
41c1d90,5,5.0,True,
dc81b1d,6,5.0,True,
ab75e97,6,4.0,False,5
ca1f10a,6,4.0,True,5
ccef8db,6,4.0,False,5
e13d441,6,4.0,True,5
11fd7f2,6,3.0,False,4;5
3a6f0d5,6,4.5,False,5
21c1f14,6,0.0,False,1;2;3;4;5
c7368f0,6,5.0,True,
9667f7e,6,4.0,True,5
59973b0,6,4.0,False,5
fbb7294,6,4.0,True,5
18662aa,6,5.0,True,
c243ffd,6,2.5,False,3;4;5
2a5a903,6,4.5,True,5
8c26676,6,4.5,True,5
1ea7d51,6,4.0,False,5
ed494d6,6,3.0,False,4;5
460f3ae,6,5.0,True,
daf24b8,6,4.5,True,5
af2bb3e,6,4.0,True,5
84cf878,6,4.0,False,5
0bbc8be,6,4.0,True,5
c0bc13f,6,5.0,True,
3c48a01,6,4.0,True,5
001bca6,6,4.0,True,5
5c45ef3,6,4.0,True,5
1c0e6cb,6,5.0,True,
75291eb,6,5.0,True,
fe213aa,6,3.0,False,4;5
a97339b,6,4.0,True,5
0786dc3,6,4.0,True,5
fd238ba,6,2.0,True,3;4;5
277cf47,6,4.0,False,5
2e2b656,6,5.0,True,
6604853,6,4.0,False,5
85278d7,7,5.0,True,
a5663f0,7,2.5,False,3;4;5
59a9b11,7,4.0,True,5
6ee9e4a,7,4.5,True,5
b4c7eb6,7,4.0,True,5
79e0149,7,4.0,False,5
e32d3fe,7,4.0,True,5
b00839d,7,2.5,False,3;4;5
66289f6,7,5.0,True,
240855d,7,4.0,False,5
53ec7d9,7,2.5,False,3;4;5
cc7025b,7,4.5,False,5
0937032,7,4.5,True,5
9a6c768,7,5.0,True,
a683a10,7,4.0,False,5
88b18b0,7,4.0,True,5
83403e0,7,5.0,True,
f60ce5d,7,4.0,False,5
fd5fc87,7,4.5,True,5
59fb5d4,7,5.0,True,
4fa67cf,7,4.5,False,5
6dcd628,7,2.5,False,3;4;5
c5856e7,7,4.0,False,5
f334fd4,7,4.0,False,5
350dd02,7,4.5,False,5
e8a4f33,7,4.0,False,5
ae44765,7,4.0,False,5
db6cc68,7,3.0,False,4;5
acbc104,7,2.5,True,3;4;5
a15751a,8,0.0,False,1;2;3;4;5
9a86926,8,4.0,True,5
0a5d7d7,8,0.0,False,1;2;3;4;5
4b909dd,8,4.0,True,5
cb6c0c2,8,4.5,True,5
47aef1c,8,4.0,True,5
9f72da5,8,4.0,True,5
f22690a,8,4.5,False,5
e84c8ae,8,3.0,False,4;5
00daedb,8,4.0,False,5
5829bef,8,4.0,True,5
521b663,8,4.0,False,5
8a94a83,8,4.0,True,5
3b4133d,8,4.0,False,5
d3e31aa,8,4.0,False,5
8fe28e9,8,4.5,False,5
e8bff1d,8,4.0,False,5
176fe25,8,2.0,False,3;4;5
101091b,8,0.0,True,1;2;3;4;5
0764e03,8,3.5,False,4;5
1d4daee,8,3.0,False,4;5
220a587,8,0.0,True,1;2;3;4;5
603c6c9,8,4.0,True,5
e2fb2e2,8,4.5,False,5
b47070e,8,4.0,True,5
41870af,8,5.0,True,
727f603,8,3.0,True,4;5
56d1469,8,0.0,True,1;2;3;4;5
077473b,8,4.0,False,5
79100af,8,4.0,False,5
854de53,8,4.0,True,5
ab73fa4,9,5.0,True,
7797680,9,4.0,True,5
ef28c11,9,4.0,False,5
807e5b6,9,4.0,False,5
032423a,9,4.5,True,5
02ca9b2,9,0.0,True,1;2;3;4;5
0e43788,9,4.0,False,5
f4e698e,9,4.0,True,5
04822d3,9,5.0,True,
3ab50d3,9,4.0,True,5
9ec9834,9,2.0,False,3;4;5
fec7c06,9,4.0,True,5
f5fdecd,9,4.0,False,5
4333571,9,4.0,False,5
38cd4e9,9,4.0,False,5
20c0044,9,4.0,True,5
bd3ce74,9,3.0,True,4;5
b9177a9,9,2.5,True,3;4;5
b854eeb,9,4.5,True,5
42acd07,9,3.0,False,4;5
18c0e2e,9,4.5,False,5
01a5714,9,2.0,True,3;4;5
bcd031d,9,4.0,False,5
8bd633b,9,4.5,False,5
eac281e,10,3.0,True,4;5
018f304,10,0.0,True,1;2;3;4;5
620d81b,10,4.0,True,5
a9811f0,10,3.0,False,4;5
3100e4e,10,5.0,True,
a584be7,10,2.0,True,3;4;5
d280fd5,10,3.0,True,4;5
e12e52a,10,2.5,False,3;4;5
482baf3,10,2.0,False,3;4;5
13f2d72,10,2.0,True,3;4;5
a2f9f15,10,4.5,True,5
b4c4fd3,10,3.0,True,4;5
4071b27,10,0.0,True,1;2;3;4;5
27166ab,10,4.0,False,5
66451bc,10,4.5,True,5
325cd9d,10,2.5,True,3;4;5
6475c50,10,4.5,False,5
aecf5d1,10,3.0,True,4;5
b9eb39a,10,3.0,True,4;5
9d0271c,10,3.0,False,4;5
b2a05fe,10,5.0,True,
071af26,10,2.0,False,3;4;5
893b3a9,10,3.0,False,4;5
870fe7b,10,5.0,True,
cf32980,10,5.0,True,
8aa4a29,10,4.0,True,5
53baa3d,11,4.0,True,5
4b00de4,11,4.5,True,5
99d4c70,11,0.0,True,1;2;3;4;5
2d9c4a1,11,4.0,False,5
71d816c,11,2.0,True,3;4;5
5507a0f,11,4.0,False,5
872e4bb,11,4.0,False,5
f3f4b9f,11,0.0,True,1;2;3;4;5
e6083fd,11,4.0,False,5
b741627,11,3.0,True,4;5
07a3bb5,11,0.0,True,1;2;3;4;5
e912a15,11,2.5,False,3;4;5
6467c95,11,2.0,True,3;4;5
712f355,11,2.0,True,3;4;5
9d14252,11,4.5,True,5
84783a4,11,4.0,True,5
083611a,11,4.0,True,5
239c874,11,0.0,False,1;2;3;4;5
5871162,11,4.0,False,5
10cd523,11,3.0,True,4;5
598f339,12,4.0,True,5
bb92bd9,12,2.5,True,3;4;5
b1aab31,12,4.0,False,5
14bb6ee,12,3.0,False,4;5
8a7965f,12,4.5,False,5
eb959eb,12,4.0,True,5
3c96ad2,12,0.0,False,1;2;3;4;5
6bdd819,12,0.0,False,1;2;3;4;5
c00540f,12,4.5,False,5
4837889,12,0.0,True,1;2;3;4;5
6db139a,12,4.0,True,5
dbc9f6a,12,4.0,True,5
9138ce7,12,3.0,True,4;5
3770611,12,2.0,True,3;4;5
b1b9d14,12,5.0,True,
8b9847d,12,4.0,False,5
ef16e4c,12,0.0,True,1;2;3;4;5
fcc940f,12,3.0,False,4;5
8fb4bc1,12,4.0,False,5
74dc31a,12,4.0,False,5
e10fb59,12,4.5,True,5
bc9d795,12,3.0,True,4;5
43dff00,12,4.0,False,5
acb0225,12,0.0,False,1;2;3;4;5
c4e6e80,12,0.0,True,1;2;3;4;5
e1259ce,12,5.0,True,
798dd35,12,2.0,True,3;4;5
2786d34,12,3.0,False,4;5
8676a9d,12,0.0,True,1;2;3;4;5
037e1a8,13,4.5,False,5
a9448da,13,4.0,False,5
ac555c9,13,4.0,True,5
c08ffb9,13,2.5,False,3;4;5
c5418d1,13,4.5,True,5
840533c,13,2.5,False,3;4;5
d66f7b4,13,2.0,True,3;4;5
443b9dc,13,4.0,True,5
34a1846,13,4.5,True,5
c7426f5,13,4.5,False,5
6187b5b,13,4.5,True,5
4c85cd0,13,0.0,True,1;2;3;4;5
d857b0c,13,0.0,True,1;2;3;4;5
f2e5ed6,13,4.5,False,5
a06826c,13,5.0,True,
89a1372,13,4.0,False,5
08a2287,13,4.0,False,5
8927d3d,14,3.0,True,4;5
907f039,14,5.0,True,
35be593,14,4.0,False,5
f4af39d,14,5.0,True,
4f92377,14,4.0,True,5
796c58e,14,5.0,True,
8a722fc,14,4.0,False,5
72f7f67,14,2.5,False,3;4;5
2659be3,14,2.5,True,3;4;5
ea790b6,14,0.0,False,1;2;3;4;5
1bcd2a0,14,0.0,True,1;2;3;4;5
7491a76,14,4.0,True,5
8010390,14,5.0,True,
d54a765,14,4.0,False,5
8c6f6cb,14,4.5,False,5
40535b8,14,4.0,False,5
1d275d9,14,2.0,True,3;4;5
a21d226,14,4.5,False,5
f88b8fa,14,4.0,False,5
17e7bba,14,4.0,False,5
0b8f33a,14,4.0,False,5
f3189e3,14,4.5,True,5
e4d59cd,14,3.0,True,4;5
52aa76f,14,5.0,True,
af54511,14,4.0,False,5
fa2de24,15,5.0,True,
6f97f02,15,4.0,False,5
1e1a7aa,15,3.0,False,4;5
58467c9,15,4.5,False,5
d2064bc,15,4.5,True,5
8f3941f,15,4.0,True,5
33398cd,15,0.0,False,1;2;3;4;5
afee32b,15,4.5,True,5
71291e9,15,0.0,True,1;2;3;4;5
8fdefb8,15,0.0,True,1;2;3;4;5
db844d4,15,0.0,True,1;2;3;4;5
50b91fa,15,4.0,False,5
9d4054e,15,5.0,True,
5992d8b,15,4.5,False,5
2994e46,15,4.0,False,5
ecf9ee0,15,0.0,False,1;2;3;4;5
f1f0744,15,4.0,False,5
15a3369,15,4.0,False,5
2e60d2d,15,0.0,False,1;2;3;4;5
2e7d6f8,15,4.0,False,5
0281b04,15,4.0,False,5
6e8bf73,15,4.5,False,5
40f304a,15,0.0,True,1;2;3;4;5
41ed2c1,15,2.0,True,3;4;5
50aace4,15,3.5,True,4;5
fa86ad5,15,3.0,False,4;5
e798a22,15,4.0,False,5
9ff347e,15,4.0,False,5
4d6002c,15,0.0,False,1;2;3;4;5
7796d9d,15,4.0,True,5
7e86300,15,4.0,False,5
7f033c0,16,2.0,False,3;4;5
a79f0a8,16,0.0,True,1;2;3;4;5
83a9463,16,5.0,True,
7217f4f,16,4.0,True,5
429476f,16,4.0,True,5
991007a,16,2.0,True,3;4;5
a7e4a77,16,5.0,True,
220e136,16,0.0,True,1;2;3;4;5
62749a2,16,3.0,True,4;5
c3dc495,16,5.0,True,
0b83f81,16,4.5,False,5
0d5f479,16,5.0,True,
303c379,16,4.0,True,5
dacc518,16,3.5,True,4;5
ec5f0f8,16,2.0,False,3;4;5
80cac82,16,3.0,True,4;5
8194a81,16,4.5,False,5
2550268,16,4.0,False,5
64da140,16,4.0,True,5
b0c1d49,16,4.5,False,5
6823702,16,5.0,True,
5f19dd5,16,4.0,True,5
3541bcf,16,4.5,False,5
782162d,17,0.0,True,1;2;3;4;5
145356b,17,2.0,False,3;4;5
e60fa3b,17,3.0,True,4;5
fb6ebfa,17,4.0,False,5
7300354,17,3.0,True,4;5
7087b25,17,0.0,False,1;2;3;4;5
d12be67,17,2.0,False,3;4;5
ba163a1,17,0.0,False,1;2;3;4;5
dbdb96f,17,4.0,False,5
637457b,17,0.0,True,1;2;3;4;5
687478b,17,4.0,True,5
2621018,17,3.0,True,4;5
1162b2f,17,0.0,True,1;2;3;4;5
853e3e5,17,0.0,True,1;2;3;4;5
cf6a630,17,2.0,True,3;4;5
0e2726a,17,4.0,True,5
cd1c862,17,0.0,False,1;2;3;4;5
53e5a59,17,0.0,True,1;2;3;4;5
234aad8,17,0.0,False,1;2;3;4;5
9ea014b,17,3.0,False,4;5
cf3adcf,17,4.5,False,5
7bc6817,17,3.0,True,4;5
d3ebd00,17,0.0,False,1;2;3;4;5
8cdc425,17,0.0,True,1;2;3;4;5
e387a85,17,3.0,True,4;5
05a2ece,17,0.0,False,1;2;3;4;5
8e86801,17,2.0,True,3;4;5
6b8d03c,17,4.5,False,5
5970e9a,17,5.0,True,
bf69af6,17,4.0,False,5
