path,bank,country,year,report_type
../reports/Ukrainian banks/2020/Abank_commission report_2020.pdf,A-bank,Ukraine,2020,commission_report
../reports/Ukrainian banks/2020/CREDIT AGRICOLE BANK_annual report 2020.pdf,Credit Agricole Bank,Ukraine,2020,annual_report
../reports/Ukrainian banks/2020/Credo_Consolidated management report 2020.pdf,Credobank,Ukraine,2020,management_report
../reports/Ukrainian banks/2020/FUMB_commision report_2020.pdf,FUIB,Ukraine,2020,commission_report
../reports/Ukrainian banks/2020/OTP_annual report_2020.pdf,OTP Bank,Ukraine,2020,annual_report
../reports/Ukrainian banks/2020/Oshchadbank_annual report_2020.pdf,Oschadbank,Ukraine,2020,annual_report
../reports/Ukrainian banks/2020/Pivdenny_annual report_2020.pdf,Pivdenny,Ukraine,2020,annual_report
../reports/Ukrainian banks/2020/Privatbank_Consolidated_management report_2020.pdf,Privatbank,Ukraine,2020,management_report
../reports/Ukrainian banks/2020/Raiffeisen_annual report_2020.pdf,Raiffeisen Bank JSC,Ukraine,2020,annual_report
../reports/Ukrainian banks/2020/Sense_commission report_2020.pdf,Sense Bank,Ukraine,2020,commission_report
../reports/Ukrainian banks/2020/Tascombank_annual report 2020.pdf,Tascombank,Ukraine,2020,annual_report
../reports/Ukrainian banks/2020/Ukrexim_annual reprot_2020.pdf,Ukreximbank,Ukraine,2020,annual_report
../reports/Ukrainian banks/2020/Ukrsibbank_Financial statement_2020.pdf,Ukrsibbank,Ukraine,2020,financial_statement
../reports/Ukrainian banks/2020/Ukrsibbank_management report_2020.pdf,Ukrsibbank,Ukraine,2020,management_report
../reports/Ukrainian banks/2020/Universal bank_management report_fin statement and audit_2020.pdf,Universal Bank,Ukraine,2020,management_report
../reports/Ukrainian banks/2020/ugb_management report_2020.pdf,Ukrgazbank,Ukraine,2020,management_report
