path,bank,country,year,report_type
../reports/Finnish banks/2019/Aktia_Annual_review_Sustainabilty+Financial_2019.pdf,Aktia Pankki,Finland,2019,annual_report
../reports/Finnish banks/2019/Aktia_Financial_Statements_2019.pdf,Aktia Pankki,Finland,2019,financial_statement
../reports/Finnish banks/2019/Alisa_Evil_Financial Statement_2019.pdf,Evli Pankki,Finland,2019,financial_statement
../reports/Finnish banks/2019/Alisa_Evli_Annual Review_2019.pdf,Evli Pankki,Finland,2019,annual_report
../reports/Finnish banks/2019/Alisa_Fellow_Annual Review_2019.pdf,Fellow Pankki,Finland,2019,annual_report
../reports/Finnish banks/2019/Alisa_Fellow_Financial statement_2019.pdf,Fellow Pankki,Finland,2019,financial_statement
../reports/Finnish banks/2019/Danske Bank_Annual Report 2019.pdf,Danske Bank,Finland,2019,annual_report
../reports/Finnish banks/2019/Nordea_Sustainability report_2019.pdf,Nordea Bank,Finland,2019,sustainability
../reports/Finnish banks/2019/omasp_annual_report_2019.pdf,Oma Säästöpankki,Finland,2019,annual_report
../reports/Finnish banks/2020/Aktia_Annual_review_Sustainabilty+Financial_2020.pdf,Aktia Pankki,Finland,2020,annual_report
../reports/Finnish banks/2020/Alisa_Evil_Annual Review_2020.pdf,Evli Pankki,Finland,2020,annual_report
../reports/Finnish banks/2020/Alisa_Evil_Financial Statement_2020.pdf,Evli Pankki,Finland,2020,financial_statement
../reports/Finnish banks/2020/Alisa_Fellow_Annual Review_2020.pdf,Fellow Pankki,Finland,2020,annual_report
../reports/Finnish banks/2020/Alisa_Fellow_Financial statement_2020.pdf,Fellow Pankki,Finland,2020,financial_statement
../reports/Finnish banks/2020/Danske Bank_Annual Report 2020.pdf,Danske Bank,Finland,2020,annual_report
../reports/Finnish banks/2020/Nordea_Sustainability report_2020.pdf,Nordea Bank,Finland,2020,sustainability
../reports/Finnish banks/2020/PoP(Bonum) Boards of directors report_2020.pdf,Bonum Pankki,Finland,2020,board_report
../reports/Finnish banks/2020/S-Pankki_Annual Report 2020 EN.pdf,S-Pankki,Finland,2020,annual_report
../reports/Finnish banks/2020/Suomen Asuntohypopankki Oy_annual report_2020.pdf,Suomen Asuntohypopankki,Finland,2020,annual_report
../reports/Finnish banks/2020/Säästöpankkien Savings bank Groups Board of Directors Report and Consolidated IFRS Financial Statemens 2020.pdf,Säästöpankkien Keskuspankki,Finland,2020,board_report
../reports/Finnish banks/2020/Säästöpankkien Savings bank Sustainability_Report_2020.pdf,Säästöpankkien Keskuspankki,Finland,2020,sustainability
../reports/Finnish banks/2020/omasp-annual-report-2020.pdf,Oma Säästöpankki,Finland,2020,annual_report
../reports/Finnish banks/2020/omasp-corporate-social-responsibility-report-2020.pdf,Oma Säästöpankki,Finland,2020,sustainability
../reports/Finnish banks/2020/op_Financial Groups Report by the Board of Directors and Financial Statements 2020.pdf,OP Yrityspankki,Finland,2020,financial_statement
../reports/Finnish banks/2020/op_financial_groups_year_2020.pdf,OP Yrityspankki,Finland,2020,annual_report
../reports/Finnish banks/2020/Ålandsbanken Abp annual and sustainability report 2020.pdf,Ålandsbanken,Finland,2020,sustainability
../reports/Finnish banks/2021/Aktia_Annual_review_2021.pdf,Aktia Pankki,Finland,2021,annual_report
../reports/Finnish banks/2021/Aktia_Financial_Statements_2021.pdf,Aktia Pankki,Finland,2021,financial_statement
../reports/Finnish banks/2021/Alisa_Annual Review_2021.pdf,Alisa Pankki,Finland,2021,annual_report
../reports/Finnish banks/2021/Alisa_Evil_Financial Statement_2021.pdf,Evli Pankki,Finland,2021,financial_statement
../reports/Finnish banks/2021/Alisa_Evli_Annual Review_2021.pdf,Evli Pankki,Finland,2021,annual_report
../reports/Finnish banks/2021/Alisa_Fellow_Financial statement_2021.pdf,Fellow Pankki,Finland,2021,financial_statement
../reports/Finnish banks/2021/Alisa_Felow_Annual Review_2021.pdf,Fellow Pankki,Finland,2021,annual_report
../reports/Finnish banks/2021/Danske Bank_Annual Report 2021.pdf,Danske Bank,Finland,2021,annual_report
../reports/Finnish banks/2021/Nordea_Annual report_2021.pdf,Nordea Bank,Finland,2021,annual_report
../reports/Finnish banks/2021/S-Pankki_Annual Report 2021 EN.pdf,S-Pankki,Finland,2021,annual_report
../reports/Finnish banks/2021/Suomen Asuntohypopankki Oy_annual report_2021.pdf,Suomen Asuntohypopankki,Finland,2021,annual_report
../reports/Finnish banks/2021/Säästöpankkien Savings bank SustainabilityReport_2021.pdf,Säästöpankkien Keskuspankki,Finland,2021,sustainability
../reports/Finnish banks/2021/omasp-corporate-social-responsibility-report-2021.pdf,Oma Säästöpankki,Finland,2021,sustainability
../reports/Finnish banks/2021/omasp_annual_report_2021.pdf,Oma Säästöpankki,Finland,2021,annual_report
../reports/Finnish banks/2021/op_Financial Groups Report by the Board of Directors and Financial Statements 2021.pdf,OP Yrityspankki,Finland,2021,financial_statement
../reports/Finnish banks/2021/op_financial_groups_year_2021.pdf,OP Yrityspankki,Finland,2021,annual_report
../reports/Finnish banks/2021/Ålandsbanken Abp annual and sustainability report 2021.pdf,Ålandsbanken,Finland,2021,sustainability
../reports/Finnish banks/2022/Aktia_Annual_review_2022.pdf,Aktia Pankki,Finland,2022,annual_report
../reports/Finnish banks/2022/Aktia_Financial_Statements_2022.pdf,Aktia Pankki,Finland,2022,financial_statement
../reports/Finnish banks/2022/Alisa_Annual Review_2022.pdf,Alisa Pankki,Finland,2022,annual_report
../reports/Finnish banks/2022/Alisa_Fellow_Financial statement_2022.pdf,Fellow Pankki,Finland,2022,financial_statement
../reports/Finnish banks/2022/Danske Bank_Annual Report 2022.pdf,Danske Bank,Finland,2022,annual_report
../reports/Finnish banks/2022/Nordea_Annual report_2022.pdf,Nordea Bank,Finland,2022,annual_report
../reports/Finnish banks/2022/PoP(Bonum)Group Annual report_2022.pdf,Bonum Pankki,Finland,2022,annual_report
../reports/Finnish banks/2022/S-Pankki_Annual report2022 EN.pdf,S-Pankki,Finland,2022,annual_report
../reports/Finnish banks/2022/Suomen Asuntohypopankki Oy_annual report_2022.pdf,Suomen Asuntohypopankki,Finland,2022,annual_report
../reports/Finnish banks/2022/Säästöpankkien Savings bank Groups Board of Directors Report and Consolidated IFRS Financial Statements 2022.pdf,Säästöpankkien Keskuspankki,Finland,2022,financial_statement
../reports/Finnish banks/2022/Säästöpankkien Savings bank Sustainability Report 2022.pdf,Säästöpankkien Keskuspankki,Finland,2022,sustainability
../reports/Finnish banks/2022/omasp_annual_report_2022.pdf,Oma Säästöpankki,Finland,2022,annual_report
../reports/Finnish banks/2022/op-financial-groups-year-and-sustainability-2022.pdf,OP Yrityspankki,Finland,2022,sustainability
../reports/Finnish banks/2022/op_Financial Groups Report by the Board of Directors and Financial Statements 2022.pdf,OP Yrityspankki,Finland,2022,financial_statement
../reports/Finnish banks/2022/Ålandsbanken Abp annual and sustainability report 2022.pdf,Ålandsbanken,Finland,2022,sustainability
../reports/Finnish banks/2023/Aktia_Annual Review_2023.pdf,Aktia Pankki,Finland,2023,annual_report
../reports/Finnish banks/2023/Aktia_Financial_Statements_2023.pdf,Aktia Pankki,Finland,2023,financial_statement
../reports/Finnish banks/2023/Alisa_Annual Review_2023.pdf,Alisa Pankki,Finland,2023,annual_report
../reports/Finnish banks/2023/Alisa_Financial Statement_2023.pdf,Alisa Pankki,Finland,2023,financial_statement
../reports/Finnish banks/2023/Danske Bank_Annual Report 2023.pdf,Danske Bank,Finland,2023,annual_report
../reports/Finnish banks/2023/Nordea_Annual report_2023.pdf,Nordea Bank,Finland,2023,annual_report
../reports/Finnish banks/2023/PoP(Bonum)Group Financial report_2023.pdf,Bonum Pankki,Finland,2023,financial_report
../reports/Finnish banks/2023/S-Pankki_ Annual Report 2023.pdf,S-Pankki,Finland,2023,annual_report
../reports/Finnish banks/2023/Suomen Asuntohypopankki Oy_annual report_2023.pdf,Suomen Asuntohypopankki,Finland,2023,annual_report
../reports/Finnish banks/2023/Säästöpankkien Savings bank Groups Board of Directors Report and Consolidated IFRS Financial Statements 2023.pdf,Säästöpankkien Keskuspankki,Finland,2023,financial_statement
../reports/Finnish banks/2023/Säästöpankkien Savings bank Sustainability-Report-2023.pdf,Säästöpankkien Keskuspankki,Finland,2023,sustainability
../reports/Finnish banks/2023/omasp-annual-report-2023.pdf,Oma Säästöpankki,Finland,2023,annual_report
../reports/Finnish banks/2023/omasp_sustainability_report_2023.pdf,Oma Säästöpankki,Finland,2023,sustainability
../reports/Finnish banks/2023/op-financial-groups-year-and-sustainability2023.pdf,OP Yrityspankki,Finland,2023,sustainability
../reports/Finnish banks/2023/op_Financial Groups Report by the Board of Directors and Financial Statements 2023.pdf,OP Yrityspankki,Finland,2023,financial_statement
../reports/Finnish banks/2023/Ålandsbanken Abp annual and sustainability report 2023.pdf,Ålandsbanken,Finland,2023,sustainability
../reports/Finnish banks/2024/Aktia_Annual Review_2024.pdf,Aktia Pankki,Finland,2024,annual_report
../reports/Finnish banks/2024/Aktia_Financial_Statements_2024.pdf,Aktia Pankki,Finland,2024,financial_statement
../reports/Finnish banks/2024/Alisa_Annual Review_2024.pdf,Alisa Pankki,Finland,2024,annual_report
../reports/Finnish banks/2024/Alisa_Financial Statement_2024.pdf,Alisa Pankki,Finland,2024,financial_statement
../reports/Finnish banks/2024/Danske Bank_Annual Report 2024.pdf,Danske Bank,Finland,2024,annual_report
../reports/Finnish banks/2024/Nordea_Annual report_2024.pdf,Nordea Bank,Finland,2024,annual_report
../reports/Finnish banks/2024/PoP(Bonum) Boards of directors report_2024.pdf,Bonum Pankki,Finland,2024,board_report
../reports/Finnish banks/2024/S-Pankki_ Annual Report 2024.pdf,S-Pankki,Finland,2024,annual_report
../reports/Finnish banks/2024/Suomen Asuntohypopankki Oy_annual report_2024.pdf,Suomen Asuntohypopankki,Finland,2024,annual_report
../reports/Finnish banks/2024/Säästöpankkien Savings bank Group Board of Directors report and consolidated IFRS_2024.pdf,Säästöpankkien Keskuspankki,Finland,2024,board_report
../reports/Finnish banks/2024/omasp_annual_report_2024.pdf,Oma Säästöpankki,Finland,2024,annual_report
../reports/Finnish banks/2024/op-financial-groups-annual-report-2024.pdf,OP Yrityspankki,Finland,2024,annual_report
../reports/Finnish banks/2024/Ålandsbanken Abp annual and sustainability report 2024.pdf,Ålandsbanken,Finland,2024,sustainability
../reports/Ukrainian banks/2019/Abank_commission report_2019.pdf,A-bank,Ukraine,2019,commission_report
../reports/Ukrainian banks/2019/CREDIT AGRICOLE BANK_annual report 2019.pdf,Credit Agricole Bank,Ukraine,2019,annual_report
../reports/Ukrainian banks/2019/Credo_Consolidated management report 2019.pdf,Credobank,Ukraine,2019,management_report
../reports/Ukrainian banks/2019/FUMB_commision report_2019.pdf,FUIB,Ukraine,2019,commission_report
../reports/Ukrainian banks/2019/OTP_annual report_2019.pdf,OTP Bank,Ukraine,2019,annual_report
../reports/Ukrainian banks/2019/Oshchadbank_annual report_2019.pdf,Oschadbank,Ukraine,2019,annual_report
../reports/Ukrainian banks/2019/Pivdenny_annual report_2019.pdf,Pivdenny,Ukraine,2019,annual_report
../reports/Ukrainian banks/2019/Privatbank_Consolidated_management report_2019.pdf,Privatbank,Ukraine,2019,management_report
../reports/Ukrainian banks/2019/Raiffeisen_annual report_2019.pdf,Raiffeisen Bank JSC,Ukraine,2019,annual_report
../reports/Ukrainian banks/2019/Sense_commission report_2019.pdf,Sense Bank,Ukraine,2019,commission_report
../reports/Ukrainian banks/2019/Tascombank_annual report 2019.pdf,Tascombank,Ukraine,2019,annual_report
../reports/Ukrainian banks/2019/Ukrexim_annual reprot_2019.pdf,Ukreximbank,Ukraine,2019,annual_report
../reports/Ukrainian banks/2019/Ukrsibbank_Financial statement_2019.pdf,Ukrsibbank,Ukraine,2019,financial_statement
../reports/Ukrainian banks/2019/Ukrsibbank_management report_2019.pdf,Ukrsibbank,Ukraine,2019,management_report
../reports/Ukrainian banks/2019/Universal bank_management report_fin statement and audit_2019.pdf,Universal Bank,Ukraine,2019,management_report
../reports/Ukrainian banks/2019/ugb_management report_2019.pdf,Ukrgazbank,Ukraine,2019,management_report
../reports/Ukrainian banks/2020/Abank_commission report_2020.pdf,A-bank,Ukraine,2020,commission_report
../reports/Ukrainian banks/2020/CREDIT AGRICOLE BANK_annual report 2020.pdf,Credit Agricole Bank,Ukraine,2020,annual_report
../reports/Ukrainian banks/2020/Credo_Consolidated management report 2020.pdf,Credobank,Ukraine,2020,management_report
../reports/Ukrainian banks/2020/FUMB_commision report_2020.pdf,FUIB,Ukraine,2020,commission_report
../reports/Ukrainian banks/2020/OTP_annual report_2020.pdf,OTP Bank,Ukraine,2020,annual_report
../reports/Ukrainian banks/2020/Oshchadbank_annual report_2020.pdf,Oschadbank,Ukraine,2020,annual_report
../reports/Ukrainian banks/2020/Pivdenny_annual report_2020.pdf,Pivdenny,Ukraine,2020,annual_report
../reports/Ukrainian banks/2020/Privatbank_Consolidated_management report_2020.pdf,Privatbank,Ukraine,2020,management_report
../reports/Ukrainian banks/2020/Raiffeisen_annual report_2020.pdf,Raiffeisen Bank JSC,Ukraine,2020,annual_report
../reports/Ukrainian banks/2020/Sense_commission report_2020.pdf,Sense Bank,Ukraine,2020,commission_report
../reports/Ukrainian banks/2020/Tascombank_annual report 2020.pdf,Tascombank,Ukraine,2020,annual_report
../reports/Ukrainian banks/2020/Ukrexim_annual reprot_2020.pdf,Ukreximbank,Ukraine,2020,annual_report
../reports/Ukrainian banks/2020/Ukrsibbank_Financial statement_2020.pdf,Ukrsibbank,Ukraine,2020,financial_statement
../reports/Ukrainian banks/2020/Ukrsibbank_management report_2020.pdf,Ukrsibbank,Ukraine,2020,management_report
../reports/Ukrainian banks/2020/Universal bank_management report_fin statement and audit_2020.pdf,Universal Bank,Ukraine,2020,management_report
../reports/Ukrainian banks/2020/ugb_management report_2020.pdf,Ukrgazbank,Ukraine,2020,management_report
../reports/Ukrainian banks/2021/Abank_commission report_2021.pdf,A-bank,Ukraine,2021,commission_report
../reports/Ukrainian banks/2021/CREDIT AGRICOLE BANK_annual report 2021.pdf,Credit Agricole Bank,Ukraine,2021,annual_report
../reports/Ukrainian banks/2021/Credo_Consolidated management report 2021.pdf,Credobank,Ukraine,2021,management_report
../reports/Ukrainian banks/2021/FUMB_commision report_2021.pdf,FUIB,Ukraine,2021,commission_report
../reports/Ukrainian banks/2021/OTP_annual report_2021.pdf,OTP Bank,Ukraine,2021,annual_report
../reports/Ukrainian banks/2021/Oshchadbank_annual report_2021.pdf,Oschadbank,Ukraine,2021,annual_report
../reports/Ukrainian banks/2021/Pivdenny_annual report_2021.pdf,Pivdenny,Ukraine,2021,annual_report
../reports/Ukrainian banks/2021/Privatbank_Consolidated_management report_2021.pdf,Privatbank,Ukraine,2021,management_report
../reports/Ukrainian banks/2021/Raiffeisen_annual report_2021.pdf,Raiffeisen Bank JSC,Ukraine,2021,annual_report
../reports/Ukrainian banks/2021/Sense_commission report_2021.pdf,Sense Bank,Ukraine,2021,commission_report
../reports/Ukrainian banks/2021/Tascombank_annual report 2021.pdf,Tascombank,Ukraine,2021,annual_report
../reports/Ukrainian banks/2021/Ukrexim_annual reprot_2021.pdf,Ukreximbank,Ukraine,2021,annual_report
../reports/Ukrainian banks/2021/Ukrsibbank_Financial statement_2021.pdf,Ukrsibbank,Ukraine,2021,financial_statement
../reports/Ukrainian banks/2021/Ukrsibbank_management report_2021.pdf,Ukrsibbank,Ukraine,2021,management_report
../reports/Ukrainian banks/2021/Universal bank_management report_fin statement and audit_2021.pdf,Universal Bank,Ukraine,2021,management_report
../reports/Ukrainian banks/2021/ugb_managementreport_2021.pdf,Ukrgazbank,Ukraine,2021,management_report
../reports/Ukrainian banks/2022/Abank_commission report_2022.pdf,A-bank,Ukraine,2022,commission_report
../reports/Ukrainian banks/2022/CREDIT AGRICOLE BANK_annual report 2022.pdf,Credit Agricole Bank,Ukraine,2022,annual_report
../reports/Ukrainian banks/2022/Credo_Consolidated management report 2022.pdf,Credobank,Ukraine,2022,management_report
../reports/Ukrainian banks/2022/FUMB_commision report_2022.pdf,FUIB,Ukraine,2022,commission_report
../reports/Ukrainian banks/2022/OTP_annual report_2022.pdf,OTP Bank,Ukraine,2022,annual_report
../reports/Ukrainian banks/2022/Oshchadbank_annual report_2022.pdf,Oschadbank,Ukraine,2022,annual_report
../reports/Ukrainian banks/2022/Pivdenny_annual report_2022.pdf,Pivdenny,Ukraine,2022,annual_report
../reports/Ukrainian banks/2022/Privatbank_Consolidated_management report_2022.pdf,Privatbank,Ukraine,2022,management_report
../reports/Ukrainian banks/2022/Raiffeisen_annual report_2022.pdf,Raiffeisen Bank JSC,Ukraine,2022,annual_report
../reports/Ukrainian banks/2022/Sense_annual report_2022.pdf,Sense Bank,Ukraine,2022,annual_report
../reports/Ukrainian banks/2022/Tascombank_annual report 2022.pdf,Tascombank,Ukraine,2022,annual_report
../reports/Ukrainian banks/2022/Ukrexim_annual reprot_2022.pdf,Ukreximbank,Ukraine,2022,annual_report
../reports/Ukrainian banks/2022/Ukrsibbank_Financial statement_2022.pdf,Ukrsibbank,Ukraine,2022,financial_statement
../reports/Ukrainian banks/2022/Ukrsibbank_management report_2022.pdf,Ukrsibbank,Ukraine,2022,management_report
../reports/Ukrainian banks/2022/Universal bank_management report_fin statement and audit_2022.pdf,Universal Bank,Ukraine,2022,management_report
../reports/Ukrainian banks/2022/ugb_managementreport_2022.pdf,Ukrgazbank,Ukraine,2022,management_report
../reports/Ukrainian banks/2023/Abank_commission report_2023.pdf,A-bank,Ukraine,2023,commission_report
../reports/Ukrainian banks/2023/CREDIT AGRICOLE BANK_annual report 2023.pdf,Credit Agricole Bank,Ukraine,2023,annual_report
../reports/Ukrainian banks/2023/Credo_Consolidated management report 2023.pdf,Credobank,Ukraine,2023,management_report
../reports/Ukrainian banks/2023/FUMB_commision report_2023.pdf,FUIB,Ukraine,2023,commission_report
../reports/Ukrainian banks/2023/OTP_annual report_2023.pdf,OTP Bank,Ukraine,2023,annual_report
../reports/Ukrainian banks/2023/Oshchadbank_annual report_2023.pdf,Oschadbank,Ukraine,2023,annual_report
../reports/Ukrainian banks/2023/Pivdenny_annual report_2023.pdf,Pivdenny,Ukraine,2023,annual_report
../reports/Ukrainian banks/2023/Privatbank_Consolidated_management report_2023.pdf,Privatbank,Ukraine,2023,management_report
../reports/Ukrainian banks/2023/Raiffeisen_annual report_2023.pdf,Raiffeisen Bank JSC,Ukraine,2023,annual_report
../reports/Ukrainian banks/2023/Sense_annual report_2023.pdf,Sense Bank,Ukraine,2023,annual_report
../reports/Ukrainian banks/2023/Tascombank_annual report 2023.pdf,Tascombank,Ukraine,2023,annual_report
../reports/Ukrainian banks/2023/Ukrexim_annual reprot_2023.pdf,Ukreximbank,Ukraine,2023,annual_report
../reports/Ukrainian banks/2023/Ukrsibbank_Financial statement_2023.pdf,Ukrsibbank,Ukraine,2023,financial_statement
../reports/Ukrainian banks/2023/Ukrsibbank_management report_2023.pdf,Ukrsibbank,Ukraine,2023,management_report
../reports/Ukrainian banks/2023/Universal bank_management report_fin statement and audit_2023.pdf,Universal Bank,Ukraine,2023,management_report
../reports/Ukrainian banks/2023/ugb_annualreport_2023.pdf,Ukrgazbank,Ukraine,2023,annual_report
../reports/Ukrainian banks/2024/Abank_commission report_2024.pdf,A-bank,Ukraine,2024,commission_report
../reports/Ukrainian banks/2024/CREDIT AGRICOLE BANK_annual report 2024.pdf,Credit Agricole Bank,Ukraine,2024,annual_report
../reports/Ukrainian banks/2024/Credo_Consolidated management report 2024.pdf,Credobank,Ukraine,2024,management_report
../reports/Ukrainian banks/2024/FUMB_commision report_2024.pdf,FUIB,Ukraine,2024,commission_report
../reports/Ukrainian banks/2024/OTP_annual report_2024.pdf,OTP Bank,Ukraine,2024,annual_report
../reports/Ukrainian banks/2024/Oshchadbank_annual report_2024.pdf,Oschadbank,Ukraine,2024,annual_report
../reports/Ukrainian banks/2024/Privatbank_Consolidated_management report_2024.pdf,Privatbank,Ukraine,2024,management_report
../reports/Ukrainian banks/2024/Raiffeisen_annual report_2024.pdf,Raiffeisen Bank JSC,Ukraine,2024,annual_report
../reports/Ukrainian banks/2024/Sense_annual report_2024.pdf,Sense Bank,Ukraine,2024,annual_report
../reports/Ukrainian banks/2024/Tascombank_annual report 2024.pdf,Tascombank,Ukraine,2024,annual_report
../reports/Ukrainian banks/2024/Ukrexim_annual reprot_2024.pdf,Ukreximbank,Ukraine,2024,annual_report
../reports/Ukrainian banks/2024/Ukrsibbank_Financial statement_2024.pdf,Ukrsibbank,Ukraine,2024,financial_statement
../reports/Ukrainian banks/2024/Ukrsibbank_management report_2024.pdf,Ukrsibbank,Ukraine,2024,management_report
../reports/Ukrainian banks/2024/ugb_annualreport_2024.pdf,Ukrgazbank,Ukraine,2024,annual_report
