country,year,bank,source_checkpoint,raw_checkpoint,source_file_count,retained_mentions,financial_items,eligible_rows,eligible_unique_amount_eur,tagged_exposure_total_eur,narrative_centrality_total,M,AS,silent,raw_financial_items,historical_raw_eligible_unique_amount_eur,historical_raw_eligible_rows,corrected_historical_eligible_unique_amount_eur,corrected_historical_eligible_rows
finland,2019,Danske Bank,evaluations/reruns/country_year_classification_20260630_211343/finland_2019/checkpoints_corrected/Finland_Danske_Bank_2019_eb253047513f.json,evaluations/reruns/country_year_classification_20260630_211343/finland_2019/checkpoints/Finland_Danske_Bank_2019_eb253047513f.json,1,125,3,0,0.0,0.0,36.5,36.5,0.5706,False,3,0.0,0,0.0,0
finland,2019,Evli Pankki,evaluations/reruns/country_year_classification_20260630_211343/finland_2019/checkpoints_corrected/Finland_Evli_Pankki_2019_a41d6568cdf1.json,evaluations/reruns/country_year_classification_20260630_211343/finland_2019/checkpoints/Finland_Evli_Pankki_2019_a41d6568cdf1.json,2,75,0,0,0.0,0.0,38.0,38.0,0.5529,False,0,0.0,0,0.0,0
finland,2019,Nordea Bank,evaluations/reruns/country_year_classification_20260630_211343/finland_2019/checkpoints_corrected/Finland_Nordea_Bank_2019_d46b794443cd.json,evaluations/reruns/country_year_classification_20260630_211343/finland_2019/checkpoints/Finland_Nordea_Bank_2019_d46b794443cd.json,1,80,1,0,0.0,0.0,43.0,43.0,0.4941,False,1,0.0,0,0.0,0
finland,2019,Oma Säästöpankki,evaluations/reruns/country_year_classification_20260630_211343/finland_2019/checkpoints_corrected/Finland_Oma_Saastopankki_2019_a0ccb5814b3a.json,evaluations/reruns/country_year_classification_20260630_211343/finland_2019/checkpoints/Finland_Oma_Saastopankki_2019_a0ccb5814b3a.json,1,12,0,0,0.0,0.0,27.0,27.0,0.6824,False,0,0.0,0,0.0,0
finland,2020,Aktia Pankki,evaluations/reruns/country_year_classification_20260630_211343/finland_2020/checkpoints_corrected/Finland_Aktia_Pankki_2020_70eb21f9dfd3.json,evaluations/reruns/country_year_classification_20260630_211343/finland_2020/checkpoints/Finland_Aktia_Pankki_2020_70eb21f9dfd3.json,1,179,0,0,0.0,0.0,50.2,50.2,0.4094,False,0,0.0,0,0.0,0
finland,2020,Bonum Pankki,evaluations/reruns/country_year_classification_20260630_211343/finland_2020/checkpoints_corrected/Finland_Bonum_Pankki_2020_a3676084b43e.json,evaluations/reruns/country_year_classification_20260630_211343/finland_2020/checkpoints/Finland_Bonum_Pankki_2020_a3676084b43e.json,1,10,1,0,0.0,0.0,6.5,6.5,0.9235,False,1,0.0,0,0.0,0
finland,2020,Danske Bank,evaluations/reruns/country_year_classification_20260630_211343/finland_2020/checkpoints_corrected/Finland_Danske_Bank_2020_55763a821214.json,evaluations/reruns/country_year_classification_20260630_211343/finland_2020/checkpoints/Finland_Danske_Bank_2020_55763a821214.json,1,140,20,0,0.0,0.0,39.0,39.0,0.5412,False,20,1273000000.0,1,1276705000.0,1
finland,2020,Evli Pankki,evaluations/reruns/country_year_classification_20260630_211343/finland_2020/checkpoints_corrected/Finland_Evli_Pankki_2020_38982e8cf0db.json,evaluations/reruns/country_year_classification_20260630_211343/finland_2020/checkpoints/Finland_Evli_Pankki_2020_38982e8cf0db.json,2,132,0,0,0.0,0.0,42.5,42.5,0.5,False,0,0.0,0,0.0,0
finland,2020,Nordea Bank,evaluations/reruns/country_year_classification_20260630_211343/finland_2020/checkpoints_corrected/Finland_Nordea_Bank_2020_88fbd9974dee.json,evaluations/reruns/country_year_classification_20260630_211343/finland_2020/checkpoints/Finland_Nordea_Bank_2020_88fbd9974dee.json,1,132,3,0,0.0,0.0,49.5,49.5,0.4176,False,3,0.0,0,0.0,0
finland,2020,OP Yrityspankki,evaluations/reruns/country_year_classification_20260630_211343/finland_2020/checkpoints_corrected/Finland_OP_Yrityspankki_2020_9d64e50efca6.json,evaluations/reruns/country_year_classification_20260630_211343/finland_2020/checkpoints/Finland_OP_Yrityspankki_2020_9d64e50efca6.json,2,273,8,0,0.0,0.0,54.5,54.5,0.3588,False,8,0.0,0,0.0,0
finland,2020,Oma Säästöpankki,evaluations/reruns/country_year_classification_20260630_211343/finland_2020/checkpoints_corrected/Finland_Oma_Saastopankki_2020_128a79983c73.json,evaluations/reruns/country_year_classification_20260630_211343/finland_2020/checkpoints/Finland_Oma_Saastopankki_2020_128a79983c73.json,2,109,1,0,0.0,0.0,36.0,36.0,0.5765,False,1,0.0,0,0.0,0
finland,2020,S-Pankki,evaluations/reruns/country_year_classification_20260630_211343/finland_2020/checkpoints_corrected/Finland_S_Pankki_2020_ffaa96688f75.json,evaluations/reruns/country_year_classification_20260630_211343/finland_2020/checkpoints/Finland_S_Pankki_2020_ffaa96688f75.json,1,44,0,0,0.0,0.0,34.0,34.0,0.6,False,0,0.0,0,0.0,0
finland,2020,Suomen Asuntohypopankki,evaluations/reruns/country_year_classification_20260630_211343/finland_2020/checkpoints_corrected/Finland_Suomen_Asuntohypopankki_2020_a20aeb660a00.json,evaluations/reruns/country_year_classification_20260630_211343/finland_2020/checkpoints/Finland_Suomen_Asuntohypopankki_2020_a20aeb660a00.json,1,26,0,0,0.0,0.0,21.0,21.0,0.7529,False,0,0.0,0,0.0,0
finland,2020,Säästöpankkien Keskuspankki,evaluations/reruns/country_year_classification_20260630_211343/finland_2020/checkpoints_corrected/Finland_Saastopankkien_Keskuspankki_2020_a0a6de562338.json,evaluations/reruns/country_year_classification_20260630_211343/finland_2020/checkpoints/Finland_Saastopankkien_Keskuspankki_2020_a0a6de562338.json,2,109,2,0,0.0,0.0,37.5,37.5,0.5588,False,2,0.0,0,0.0,0
finland,2020,Ålandsbanken,evaluations/reruns/country_year_classification_20260630_211343/finland_2020/checkpoints_corrected/Finland_Alandsbanken_2020_b55d26084dfb.json,evaluations/reruns/country_year_classification_20260630_211343/finland_2020/checkpoints/Finland_Alandsbanken_2020_b55d26084dfb.json,1,90,5,0,0.0,0.0,55.5,55.5,0.3471,False,5,43300000.0,3,43300000.0,3
finland,2021,Aktia Pankki,evaluations/reruns/country_year_classification_20260630_211343/finland_2021/checkpoints_corrected/Finland_Aktia_Pankki_2021_5e6f4faac463.json,evaluations/reruns/country_year_classification_20260630_211343/finland_2021/checkpoints/Finland_Aktia_Pankki_2021_5e6f4faac463.json,2,262,3,0,0.0,0.0,72.0,72.0,0.1529,False,3,4000000.0,1,4000000.0,1
finland,2021,Danske Bank,evaluations/reruns/country_year_classification_20260630_211343/finland_2021/checkpoints_corrected/Finland_Danske_Bank_2021_1c0fdd3b9832.json,evaluations/reruns/country_year_classification_20260630_211343/finland_2021/checkpoints/Finland_Danske_Bank_2021_1c0fdd3b9832.json,1,85,8,0,0.0,0.0,35.0,35.0,0.5882,False,8,25728000000.0,1,0.0,0
finland,2021,Nordea Bank,evaluations/reruns/country_year_classification_20260630_211343/finland_2021/checkpoints_corrected/Finland_Nordea_Bank_2021_cea7f28bf70b.json,evaluations/reruns/country_year_classification_20260630_211343/finland_2021/checkpoints/Finland_Nordea_Bank_2021_cea7f28bf70b.json,1,229,9,0,0.0,0.0,56.5,56.5,0.3353,False,9,400000000.0,1,0.0,0
finland,2021,OP Yrityspankki,evaluations/reruns/country_year_classification_20260630_211343/finland_2021/checkpoints_corrected/Finland_OP_Yrityspankki_2021_9a3a5014c14b.json,evaluations/reruns/country_year_classification_20260630_211343/finland_2021/checkpoints/Finland_OP_Yrityspankki_2021_9a3a5014c14b.json,2,185,9,0,0.0,0.0,50.5,50.5,0.4059,False,9,0.0,0,0.0,0
finland,2021,Oma Säästöpankki,evaluations/reruns/country_year_classification_20260630_211343/finland_2021/checkpoints_corrected/Finland_Oma_Saastopankki_2021_64db404dd053.json,evaluations/reruns/country_year_classification_20260630_211343/finland_2021/checkpoints/Finland_Oma_Saastopankki_2021_64db404dd053.json,2,177,0,0,0.0,0.0,69.0,69.0,0.1882,False,0,0.0,0,0.0,0
finland,2021,S-Pankki,evaluations/reruns/country_year_classification_20260630_211343/finland_2021/checkpoints_corrected/Finland_S_Pankki_2021_6bfeb6194ea5.json,evaluations/reruns/country_year_classification_20260630_211343/finland_2021/checkpoints/Finland_S_Pankki_2021_6bfeb6194ea5.json,1,59,0,0,0.0,0.0,27.0,27.0,0.6824,False,0,0.0,0,0.0,0
finland,2021,Suomen Asuntohypopankki,evaluations/reruns/country_year_classification_20260630_211343/finland_2021/checkpoints_corrected/Finland_Suomen_Asuntohypopankki_2021_227067c160cd.json,evaluations/reruns/country_year_classification_20260630_211343/finland_2021/checkpoints/Finland_Suomen_Asuntohypopankki_2021_227067c160cd.json,1,27,0,0,0.0,0.0,28.5,28.5,0.6647,False,0,0.0,0,0.0,0
finland,2021,Säästöpankkien Keskuspankki,evaluations/reruns/country_year_classification_20260630_211343/finland_2021/checkpoints_corrected/Finland_Saastopankkien_Keskuspankki_2021_2fe88d2e07b5.json,evaluations/reruns/country_year_classification_20260630_211343/finland_2021/checkpoints/Finland_Saastopankkien_Keskuspankki_2021_2fe88d2e07b5.json,1,115,1,0,0.0,0.0,50.5,50.5,0.4059,False,1,25300000.0,1,25300000.0,1
finland,2021,Ålandsbanken,evaluations/reruns/country_year_classification_20260630_211343/finland_2021/checkpoints_corrected/Finland_Alandsbanken_2021_26a32d9e4d39.json,evaluations/reruns/country_year_classification_20260630_211343/finland_2021/checkpoints/Finland_Alandsbanken_2021_26a32d9e4d39.json,1,86,4,0,0.0,0.0,57.5,57.5,0.3235,False,4,26700000.0,2,14634000.0,1
finland,2022,Aktia Pankki,evaluations/reruns/country_year_classification_20260630_211343/finland_2022/checkpoints_corrected/Finland_Aktia_Pankki_2022_8c712c617c0b.json,evaluations/reruns/country_year_classification_20260630_211343/finland_2022/checkpoints/Finland_Aktia_Pankki_2022_8c712c617c0b.json,2,251,2,0,0.0,0.0,85.0,85.0,0.0,False,2,68000000.0,1,68000000.0,1
finland,2022,Alisa Pankki,evaluations/reruns/country_year_classification_20260630_211343/finland_2022/checkpoints_corrected/Finland_Alisa_Pankki_2022_a980255b2d3d.json,evaluations/reruns/country_year_classification_20260630_211343/finland_2022/checkpoints/Finland_Alisa_Pankki_2022_a980255b2d3d.json,1,0,0,0,0.0,0.0,0.0,0.0,1.0,True,0,0.0,0,0.0,0
finland,2022,Bonum Pankki,evaluations/reruns/country_year_classification_20260630_211343/finland_2022/checkpoints_corrected/Finland_Bonum_Pankki_2022_ba9049333343.json,evaluations/reruns/country_year_classification_20260630_211343/finland_2022/checkpoints/Finland_Bonum_Pankki_2022_ba9049333343.json,1,73,0,0,0.0,0.0,36.0,36.0,0.5765,False,0,0.0,0,0.0,0
finland,2022,Danske Bank,evaluations/reruns/country_year_classification_20260630_211343/finland_2022/checkpoints_corrected/Finland_Danske_Bank_2022_8d7bdaa2258c.json,evaluations/reruns/country_year_classification_20260630_211343/finland_2022/checkpoints/Finland_Danske_Bank_2022_8d7bdaa2258c.json,1,118,9,0,0.0,0.0,69.0,69.0,0.1882,False,9,0.0,0,0.0,0
finland,2022,Nordea Bank,evaluations/reruns/country_year_classification_20260630_211343/finland_2022/checkpoints_corrected/Finland_Nordea_Bank_2022_b7ca39cc064e.json,evaluations/reruns/country_year_classification_20260630_211343/finland_2022/checkpoints/Finland_Nordea_Bank_2022_b7ca39cc064e.json,1,256,7,0,0.0,0.0,51.0,51.0,0.4,False,7,0.0,0,0.0,0
finland,2022,OP Yrityspankki,evaluations/reruns/country_year_classification_20260630_211343/finland_2022/checkpoints_corrected/Finland_OP_Yrityspankki_2022_a68f6b13b6c6.json,evaluations/reruns/country_year_classification_20260630_211343/finland_2022/checkpoints/Finland_OP_Yrityspankki_2022_a68f6b13b6c6.json,2,253,15,0,0.0,0.0,51.5,51.5,0.3941,False,15,3000000000.0,4,2500000000.0,3
finland,2022,Oma Säästöpankki,evaluations/reruns/country_year_classification_20260630_211343/finland_2022/checkpoints_corrected/Finland_Oma_Saastopankki_2022_a762a365031b.json,evaluations/reruns/country_year_classification_20260630_211343/finland_2022/checkpoints/Finland_Oma_Saastopankki_2022_a762a365031b.json,1,119,0,0,0.0,0.0,43.0,43.0,0.4941,False,0,0.0,0,0.0,0
finland,2022,S-Pankki,evaluations/reruns/country_year_classification_20260630_211343/finland_2022/checkpoints_corrected/Finland_S_Pankki_2022_28b4e355e24f.json,evaluations/reruns/country_year_classification_20260630_211343/finland_2022/checkpoints/Finland_S_Pankki_2022_28b4e355e24f.json,1,54,0,0,0.0,0.0,29.5,29.5,0.6529,False,0,0.0,0,0.0,0
finland,2022,Suomen Asuntohypopankki,evaluations/reruns/country_year_classification_20260630_211343/finland_2022/checkpoints_corrected/Finland_Suomen_Asuntohypopankki_2022_6eb62b46a69f.json,evaluations/reruns/country_year_classification_20260630_211343/finland_2022/checkpoints/Finland_Suomen_Asuntohypopankki_2022_6eb62b46a69f.json,1,36,0,0,0.0,0.0,26.5,26.5,0.6882,False,0,0.0,0,0.0,0
finland,2022,Säästöpankkien Keskuspankki,evaluations/reruns/country_year_classification_20260630_211343/finland_2022/checkpoints_corrected/Finland_Saastopankkien_Keskuspankki_2022_578e2685430f.json,evaluations/reruns/country_year_classification_20260630_211343/finland_2022/checkpoints/Finland_Saastopankkien_Keskuspankki_2022_578e2685430f.json,2,194,2,0,0.0,0.0,57.0,57.0,0.3294,False,2,0.0,0,0.0,0
finland,2022,Ålandsbanken,evaluations/reruns/country_year_classification_20260630_211343/finland_2022/checkpoints_corrected/Finland_Alandsbanken_2022_6dd6ddeb1ac1.json,evaluations/reruns/country_year_classification_20260630_211343/finland_2022/checkpoints/Finland_Alandsbanken_2022_6dd6ddeb1ac1.json,1,110,3,0,0.0,0.0,46.2,46.2,0.4565,False,3,13350000.0,1,13486500.0,1
finland,2023,Aktia Pankki,evaluations/reruns/country_year_classification_20260630_211343/finland_2023/checkpoints_corrected/Finland_Aktia_Pankki_2023_114062953d15.json,evaluations/reruns/country_year_classification_20260630_211343/finland_2023/checkpoints/Finland_Aktia_Pankki_2023_114062953d15.json,2,379,9,0,0.0,0.0,85.0,85.0,0.0,False,9,180000000.0,1,180000000.0,1
finland,2023,Alisa Pankki,evaluations/reruns/country_year_classification_20260630_211343/finland_2023/checkpoints_corrected/Finland_Alisa_Pankki_2023_45e76c165cf0.json,evaluations/reruns/country_year_classification_20260630_211343/finland_2023/checkpoints/Finland_Alisa_Pankki_2023_45e76c165cf0.json,2,20,0,0,0.0,0.0,10.5,10.5,0.8765,False,0,0.0,0,0.0,0
finland,2023,Bonum Pankki,evaluations/reruns/country_year_classification_20260630_211343/finland_2023/checkpoints_corrected/Finland_Bonum_Pankki_2023_38cc1f468399.json,evaluations/reruns/country_year_classification_20260630_211343/finland_2023/checkpoints/Finland_Bonum_Pankki_2023_38cc1f468399.json,1,0,0,0,0.0,0.0,0.0,0.0,1.0,True,0,0.0,0,0.0,0
finland,2023,Danske Bank,evaluations/reruns/country_year_classification_20260630_211343/finland_2023/checkpoints_corrected/Finland_Danske_Bank_2023_906c4fa04dc6.json,evaluations/reruns/country_year_classification_20260630_211343/finland_2023/checkpoints/Finland_Danske_Bank_2023_906c4fa04dc6.json,1,245,14,0,0.0,0.0,50.0,50.0,0.4118,False,14,11839838000.0,3,4475842260.0,2
finland,2023,Nordea Bank,evaluations/reruns/country_year_classification_20260630_211343/finland_2023/checkpoints_corrected/Finland_Nordea_Bank_2023_213f8e961fff.json,evaluations/reruns/country_year_classification_20260630_211343/finland_2023/checkpoints/Finland_Nordea_Bank_2023_213f8e961fff.json,1,370,13,0,0.0,0.0,63.0,63.0,0.2588,False,13,0.0,0,0.0,0
finland,2023,OP Yrityspankki,evaluations/reruns/country_year_classification_20260630_211343/finland_2023/checkpoints_corrected/Finland_OP_Yrityspankki_2023_ef7ae0564fd4.json,evaluations/reruns/country_year_classification_20260630_211343/finland_2023/checkpoints/Finland_OP_Yrityspankki_2023_ef7ae0564fd4.json,2,431,15,0,0.0,0.0,59.5,59.5,0.3,False,15,18886000000.0,13,1686000000.0,5
finland,2023,Oma Säästöpankki,evaluations/reruns/country_year_classification_20260630_211343/finland_2023/checkpoints_corrected/Finland_Oma_Saastopankki_2023_10f19bccf497.json,evaluations/reruns/country_year_classification_20260630_211343/finland_2023/checkpoints/Finland_Oma_Saastopankki_2023_10f19bccf497.json,2,226,0,0,0.0,0.0,64.0,64.0,0.2471,False,0,0.0,0,0.0,0
finland,2023,S-Pankki,evaluations/reruns/country_year_classification_20260630_211343/finland_2023/checkpoints_corrected/Finland_S_Pankki_2023_16bb167577d4.json,evaluations/reruns/country_year_classification_20260630_211343/finland_2023/checkpoints/Finland_S_Pankki_2023_16bb167577d4.json,1,99,0,0,0.0,0.0,54.5,54.5,0.3588,False,0,0.0,0,0.0,0
finland,2023,Suomen Asuntohypopankki,evaluations/reruns/country_year_classification_20260630_211343/finland_2023/checkpoints_corrected/Finland_Suomen_Asuntohypopankki_2023_5ffe98a36bea.json,evaluations/reruns/country_year_classification_20260630_211343/finland_2023/checkpoints/Finland_Suomen_Asuntohypopankki_2023_5ffe98a36bea.json,1,32,0,0,0.0,0.0,16.0,16.0,0.8118,False,0,0.0,0,0.0,0
finland,2023,Säästöpankkien Keskuspankki,evaluations/reruns/country_year_classification_20260630_211343/finland_2023/checkpoints_corrected/Finland_Saastopankkien_Keskuspankki_2023_7a92af68e355.json,evaluations/reruns/country_year_classification_20260630_211343/finland_2023/checkpoints/Finland_Saastopankkien_Keskuspankki_2023_7a92af68e355.json,2,268,2,0,0.0,0.0,61.0,61.0,0.2824,False,2,0.0,0,0.0,0
finland,2023,Ålandsbanken,evaluations/reruns/country_year_classification_20260630_211343/finland_2023/checkpoints_corrected/Finland_Alandsbanken_2023_3c91f681aeee.json,evaluations/reruns/country_year_classification_20260630_211343/finland_2023/checkpoints/Finland_Alandsbanken_2023_3c91f681aeee.json,1,232,3,0,0.0,0.0,65.0,65.0,0.2353,False,3,13500000.0,1,13500000.0,1
finland,2024,Aktia Pankki,evaluations/reruns/country_year_classification_20260630_211343/finland_2024/checkpoints_corrected/Finland_Aktia_Pankki_2024_45cc7d5cb88f.json,evaluations/reruns/country_year_classification_20260630_211343/finland_2024/checkpoints/Finland_Aktia_Pankki_2024_45cc7d5cb88f.json,2,249,1,0,0.0,0.0,58.5,58.5,0.3118,False,1,0.0,0,0.0,0
finland,2024,Alisa Pankki,evaluations/reruns/country_year_classification_20260630_211343/finland_2024/checkpoints_corrected/Finland_Alisa_Pankki_2024_dcb84f716d33.json,evaluations/reruns/country_year_classification_20260630_211343/finland_2024/checkpoints/Finland_Alisa_Pankki_2024_dcb84f716d33.json,2,29,0,0,0.0,0.0,15.0,15.0,0.8235,False,0,0.0,0,0.0,0
finland,2024,Bonum Pankki,evaluations/reruns/country_year_classification_20260630_211343/finland_2024/checkpoints_corrected/Finland_Bonum_Pankki_2024_69e4b2613b94.json,evaluations/reruns/country_year_classification_20260630_211343/finland_2024/checkpoints/Finland_Bonum_Pankki_2024_69e4b2613b94.json,1,370,5,0,0.0,0.0,67.5,67.5,0.2059,False,5,0.0,0,0.0,0
finland,2024,Danske Bank,evaluations/reruns/country_year_classification_20260630_211343/finland_2024/checkpoints_corrected/Finland_Danske_Bank_2024_8381f710ffb6.json,evaluations/reruns/country_year_classification_20260630_211343/finland_2024/checkpoints/Finland_Danske_Bank_2024_8381f710ffb6.json,1,383,2,0,0.0,0.0,60.0,60.0,0.2941,False,2,3965998000.0,2,3968661730.0,2
finland,2024,Nordea Bank,evaluations/reruns/country_year_classification_20260630_211343/finland_2024/checkpoints_corrected/Finland_Nordea_Bank_2024_fc7e60246401.json,evaluations/reruns/country_year_classification_20260630_211343/finland_2024/checkpoints/Finland_Nordea_Bank_2024_fc7e60246401.json,1,697,3,0,0.0,0.0,65.5,65.5,0.2294,False,3,0.0,0,0.0,0
finland,2024,OP Yrityspankki,evaluations/reruns/country_year_classification_20260630_211343/finland_2024/checkpoints_corrected/Finland_OP_Yrityspankki_2024_69dd83a089f3.json,evaluations/reruns/country_year_classification_20260630_211343/finland_2024/checkpoints/Finland_OP_Yrityspankki_2024_69dd83a089f3.json,1,798,5,0,0.0,0.0,73.5,73.5,0.1353,False,5,9855000000.0,4,755000000.0,2
finland,2024,Oma Säästöpankki,evaluations/reruns/country_year_classification_20260630_211343/finland_2024/checkpoints_corrected/Finland_Oma_Saastopankki_2024_41c5cad0a3b3.json,evaluations/reruns/country_year_classification_20260630_211343/finland_2024/checkpoints/Finland_Oma_Saastopankki_2024_41c5cad0a3b3.json,1,300,1,1,6250.0,6250.0,59.0,56.0,0.3412,False,1,6250.0,1,6250.0,1
finland,2024,S-Pankki,evaluations/reruns/country_year_classification_20260630_211343/finland_2024/checkpoints_corrected/Finland_S_Pankki_2024_edb1095086ca.json,evaluations/reruns/country_year_classification_20260630_211343/finland_2024/checkpoints/Finland_S_Pankki_2024_edb1095086ca.json,1,333,0,0,0.0,0.0,66.0,66.0,0.2235,False,0,0.0,0,0.0,0
finland,2024,Suomen Asuntohypopankki,evaluations/reruns/country_year_classification_20260630_211343/finland_2024/checkpoints_corrected/Finland_Suomen_Asuntohypopankki_2024_caa23cedf328.json,evaluations/reruns/country_year_classification_20260630_211343/finland_2024/checkpoints/Finland_Suomen_Asuntohypopankki_2024_caa23cedf328.json,1,54,0,0,0.0,0.0,25.5,25.5,0.7,False,0,0.0,0,0.0,0
finland,2024,Säästöpankkien Keskuspankki,evaluations/reruns/country_year_classification_20260630_211343/finland_2024/checkpoints_corrected/Finland_Saastopankkien_Keskuspankki_2024_abc05fa2a92e.json,evaluations/reruns/country_year_classification_20260630_211343/finland_2024/checkpoints/Finland_Saastopankkien_Keskuspankki_2024_abc05fa2a92e.json,1,337,0,0,0.0,0.0,67.5,67.5,0.2059,False,0,0.0,0,0.0,0
finland,2024,Ålandsbanken,evaluations/reruns/country_year_classification_20260630_211343/finland_2024/checkpoints_corrected/Finland_Alandsbanken_2024_9655fef12275.json,evaluations/reruns/country_year_classification_20260630_211343/finland_2024/checkpoints/Finland_Alandsbanken_2024_9655fef12275.json,1,462,5,0,0.0,0.0,53.0,53.0,0.3765,False,5,0.0,0,0.0,0
ukraine,2019,A-bank,evaluations/reruns/country_year_classification_20260630_211343/ukraine_2019/checkpoints_corrected/Ukraine_A_bank_2019_5e556d579c8c.json,evaluations/reruns/country_year_classification_20260630_211343/ukraine_2019/checkpoints/Ukraine_A_bank_2019_5e556d579c8c.json,1,58,0,0,0.0,0.0,12.0,12.0,0.8588,False,0,0.0,0,0.0,0
ukraine,2019,Credit Agricole Bank,evaluations/reruns/country_year_classification_20260630_211343/ukraine_2019/checkpoints_corrected/Ukraine_Credit_Agricole_Bank_2019_ac5beaa76657.json,evaluations/reruns/country_year_classification_20260630_211343/ukraine_2019/checkpoints/Ukraine_Credit_Agricole_Bank_2019_ac5beaa76657.json,1,49,0,0,0.0,0.0,36.0,36.0,0.5765,False,0,0.0,0,0.0,0
ukraine,2019,Credobank,evaluations/reruns/country_year_classification_20260630_211343/ukraine_2019/checkpoints_corrected/Ukraine_Credobank_2019_3e9f9d42f532.json,evaluations/reruns/country_year_classification_20260630_211343/ukraine_2019/checkpoints/Ukraine_Credobank_2019_3e9f9d42f532.json,1,38,0,0,0.0,0.0,21.0,21.0,0.7529,False,0,0.0,0,0.0,0
ukraine,2019,FUIB,evaluations/reruns/country_year_classification_20260630_211343/ukraine_2019/checkpoints_corrected/Ukraine_FUIB_2019_94567fa78d45.json,evaluations/reruns/country_year_classification_20260630_211343/ukraine_2019/checkpoints/Ukraine_FUIB_2019_94567fa78d45.json,1,66,0,0,0.0,0.0,24.0,24.0,0.7176,False,0,0.0,0,0.0,0
ukraine,2019,OTP Bank,evaluations/reruns/country_year_classification_20260630_211343/ukraine_2019/checkpoints_corrected/Ukraine_OTP_Bank_2019_5d1f8e6a47c1.json,evaluations/reruns/country_year_classification_20260630_211343/ukraine_2019/checkpoints/Ukraine_OTP_Bank_2019_5d1f8e6a47c1.json,1,0,0,0,0.0,0.0,0.0,0.0,1.0,True,0,0.0,0,0.0,0
ukraine,2019,Oschadbank,evaluations/reruns/country_year_classification_20260630_211343/ukraine_2019/checkpoints_corrected/Ukraine_Oschadbank_2019_6ce28375bf21.json,evaluations/reruns/country_year_classification_20260630_211343/ukraine_2019/checkpoints/Ukraine_Oschadbank_2019_6ce28375bf21.json,1,59,5,0,0.0,0.0,27.5,27.5,0.6765,False,5,0.0,0,0.0,0
ukraine,2019,Pivdenny,evaluations/reruns/country_year_classification_20260630_211343/ukraine_2019/checkpoints_corrected/Ukraine_Pivdenny_2019_5b328d69941b.json,evaluations/reruns/country_year_classification_20260630_211343/ukraine_2019/checkpoints/Ukraine_Pivdenny_2019_5b328d69941b.json,1,52,0,0,0.0,0.0,23.5,23.5,0.7235,False,0,0.0,0,0.0,0
ukraine,2019,Privatbank,evaluations/reruns/country_year_classification_20260630_211343/ukraine_2019/checkpoints_corrected/Ukraine_Privatbank_2019_2d0336d56d5e.json,evaluations/reruns/country_year_classification_20260630_211343/ukraine_2019/checkpoints/Ukraine_Privatbank_2019_2d0336d56d5e.json,1,21,0,0,0.0,0.0,13.5,13.5,0.8412,False,0,0.0,0,0.0,0
ukraine,2019,Raiffeisen Bank JSC,evaluations/reruns/country_year_classification_20260630_211343/ukraine_2019/checkpoints_corrected/Ukraine_Raiffeisen_Bank_JSC_2019_58cec46b3401.json,evaluations/reruns/country_year_classification_20260630_211343/ukraine_2019/checkpoints/Ukraine_Raiffeisen_Bank_JSC_2019_58cec46b3401.json,1,52,0,0,0.0,0.0,25.0,25.0,0.7059,False,0,0.0,0,0.0,0
ukraine,2019,Sense Bank,evaluations/reruns/country_year_classification_20260630_211343/ukraine_2019/checkpoints_corrected/Ukraine_Sense_Bank_2019_59ef04bb01aa.json,evaluations/reruns/country_year_classification_20260630_211343/ukraine_2019/checkpoints/Ukraine_Sense_Bank_2019_59ef04bb01aa.json,1,108,0,0,0.0,0.0,25.5,25.5,0.7,False,0,0.0,0,0.0,0
ukraine,2019,Tascombank,evaluations/reruns/country_year_classification_20260630_211343/ukraine_2019/checkpoints_corrected/Ukraine_Tascombank_2019_d5a0db1ec116.json,evaluations/reruns/country_year_classification_20260630_211343/ukraine_2019/checkpoints/Ukraine_Tascombank_2019_d5a0db1ec116.json,1,22,0,0,0.0,0.0,18.0,18.0,0.7882,False,0,0.0,0,0.0,0
ukraine,2019,Ukreximbank,evaluations/reruns/country_year_classification_20260630_211343/ukraine_2019/checkpoints_corrected/Ukraine_Ukreximbank_2019_7313e607502d.json,evaluations/reruns/country_year_classification_20260630_211343/ukraine_2019/checkpoints/Ukraine_Ukreximbank_2019_7313e607502d.json,1,39,1,0,0.0,0.0,17.5,17.5,0.7941,False,1,80000000.0,1,0.0,0
ukraine,2019,Ukrgazbank,evaluations/reruns/country_year_classification_20260630_211343/ukraine_2019/checkpoints_corrected/Ukraine_Ukrgazbank_2019_c5df46b73eeb.json,evaluations/reruns/country_year_classification_20260630_211343/ukraine_2019/checkpoints/Ukraine_Ukrgazbank_2019_c5df46b73eeb.json,1,58,1,0,0.0,0.0,44.5,44.5,0.4765,False,1,0.0,0,0.0,0
ukraine,2019,Ukrsibbank,evaluations/reruns/country_year_classification_20260630_211343/ukraine_2019/checkpoints_corrected/Ukraine_Ukrsibbank_2019_090fd457db80.json,evaluations/reruns/country_year_classification_20260630_211343/ukraine_2019/checkpoints/Ukraine_Ukrsibbank_2019_090fd457db80.json,2,24,0,0,0.0,0.0,17.8,17.8,0.7906,False,0,0.0,0,0.0,0
ukraine,2019,Universal Bank,evaluations/reruns/country_year_classification_20260630_211343/ukraine_2019/checkpoints_corrected/Ukraine_Universal_Bank_2019_b5a57810af87.json,evaluations/reruns/country_year_classification_20260630_211343/ukraine_2019/checkpoints/Ukraine_Universal_Bank_2019_b5a57810af87.json,1,41,0,0,0.0,0.0,14.0,14.0,0.8353,False,0,0.0,0,0.0,0
ukraine,2020,A-bank,evaluations/reruns/country_year_classification_20260630_211343/ukraine_2020/checkpoints_corrected/Ukraine_A_bank_2020_00c877d9ebbb.json,evaluations/reruns/country_year_classification_20260630_211343/ukraine_2020/checkpoints/Ukraine_A_bank_2020_00c877d9ebbb.json,1,34,0,0,0.0,0.0,8.0,8.0,0.9059,False,0,0.0,0,0.0,0
ukraine,2020,Credit Agricole Bank,evaluations/reruns/country_year_classification_20260630_211343/ukraine_2020/checkpoints_corrected/Ukraine_Credit_Agricole_Bank_2020_07a4898211b4.json,evaluations/reruns/country_year_classification_20260630_211343/ukraine_2020/checkpoints/Ukraine_Credit_Agricole_Bank_2020_07a4898211b4.json,1,68,0,0,0.0,0.0,33.0,33.0,0.6118,False,0,0.0,0,0.0,0
ukraine,2020,Credobank,evaluations/reruns/country_year_classification_20260630_211343/ukraine_2020/checkpoints_corrected/Ukraine_Credobank_2020_0944f275d94b.json,evaluations/reruns/country_year_classification_20260630_211343/ukraine_2020/checkpoints/Ukraine_Credobank_2020_0944f275d94b.json,1,0,0,0,0.0,0.0,0.0,0.0,1.0,True,0,0.0,0,0.0,0
ukraine,2020,FUIB,evaluations/reruns/country_year_classification_20260630_211343/ukraine_2020/checkpoints_corrected/Ukraine_FUIB_2020_1e5da15310d8.json,evaluations/reruns/country_year_classification_20260630_211343/ukraine_2020/checkpoints/Ukraine_FUIB_2020_1e5da15310d8.json,1,77,0,0,0.0,0.0,22.5,22.5,0.7353,False,0,0.0,0,0.0,0
ukraine,2020,OTP Bank,evaluations/reruns/country_year_classification_20260630_211343/ukraine_2020/checkpoints_corrected/Ukraine_OTP_Bank_2020_8aec23ace03c.json,evaluations/reruns/country_year_classification_20260630_211343/ukraine_2020/checkpoints/Ukraine_OTP_Bank_2020_8aec23ace03c.json,1,0,0,0,0.0,0.0,0.0,0.0,1.0,True,0,0.0,0,0.0,0
ukraine,2020,Pivdenny,evaluations/reruns/country_year_classification_20260630_211343/ukraine_2020/checkpoints_corrected/Ukraine_Pivdenny_2020_3a30a298a02a.json,evaluations/reruns/country_year_classification_20260630_211343/ukraine_2020/checkpoints/Ukraine_Pivdenny_2020_3a30a298a02a.json,1,40,0,0,0.0,0.0,20.5,20.5,0.7588,False,0,0.0,0,0.0,0
ukraine,2020,Privatbank,evaluations/reruns/country_year_classification_20260630_211343/ukraine_2020/checkpoints_corrected/Ukraine_Privatbank_2020_4fde3f72a27b.json,evaluations/reruns/country_year_classification_20260630_211343/ukraine_2020/checkpoints/Ukraine_Privatbank_2020_4fde3f72a27b.json,1,35,0,0,0.0,0.0,32.0,32.0,0.6235,False,0,0.0,0,0.0,0
ukraine,2020,Raiffeisen Bank JSC,evaluations/reruns/country_year_classification_20260630_211343/ukraine_2020/checkpoints_corrected/Ukraine_Raiffeisen_Bank_JSC_2020_c986a084b410.json,evaluations/reruns/country_year_classification_20260630_211343/ukraine_2020/checkpoints/Ukraine_Raiffeisen_Bank_JSC_2020_c986a084b410.json,1,66,0,0,0.0,0.0,27.0,27.0,0.6824,False,0,0.0,0,0.0,0
ukraine,2020,Sense Bank,evaluations/reruns/country_year_classification_20260630_211343/ukraine_2020/checkpoints_corrected/Ukraine_Sense_Bank_2020_0336277606fe.json,evaluations/reruns/country_year_classification_20260630_211343/ukraine_2020/checkpoints/Ukraine_Sense_Bank_2020_0336277606fe.json,1,41,0,0,0.0,0.0,16.5,16.5,0.8059,False,0,0.0,0,0.0,0
ukraine,2020,Tascombank,evaluations/reruns/country_year_classification_20260630_211343/ukraine_2020/checkpoints_corrected/Ukraine_Tascombank_2020_f79ae738907f.json,evaluations/reruns/country_year_classification_20260630_211343/ukraine_2020/checkpoints/Ukraine_Tascombank_2020_f79ae738907f.json,1,17,0,0,0.0,0.0,19.0,19.0,0.7765,False,0,0.0,0,0.0,0
ukraine,2020,Ukreximbank,evaluations/reruns/country_year_classification_20260630_211343/ukraine_2020/checkpoints_corrected/Ukraine_Ukreximbank_2020_d91b65af2fdc.json,evaluations/reruns/country_year_classification_20260630_211343/ukraine_2020/checkpoints/Ukraine_Ukreximbank_2020_d91b65af2fdc.json,1,72,2,0,0.0,0.0,41.0,41.0,0.5176,False,2,0.0,0,0.0,0
ukraine,2020,Ukrgazbank,evaluations/reruns/country_year_classification_20260630_211343/ukraine_2020/checkpoints_corrected/Ukraine_Ukrgazbank_2020_6602b6335bc4.json,evaluations/reruns/country_year_classification_20260630_211343/ukraine_2020/checkpoints/Ukraine_Ukrgazbank_2020_6602b6335bc4.json,1,95,3,0,0.0,0.0,29.0,29.0,0.6588,False,3,30000000.0,1,30000000.0,1
ukraine,2020,Ukrsibbank,evaluations/reruns/country_year_classification_20260630_211343/ukraine_2020/checkpoints_corrected/Ukraine_Ukrsibbank_2020_073a1d022e35.json,evaluations/reruns/country_year_classification_20260630_211343/ukraine_2020/checkpoints/Ukraine_Ukrsibbank_2020_073a1d022e35.json,2,10,0,0,0.0,0.0,14.5,14.5,0.8294,False,0,0.0,0,0.0,0
ukraine,2020,Universal Bank,evaluations/reruns/country_year_classification_20260630_211343/ukraine_2020/checkpoints_corrected/Ukraine_Universal_Bank_2020_559a39616cea.json,evaluations/reruns/country_year_classification_20260630_211343/ukraine_2020/checkpoints/Ukraine_Universal_Bank_2020_559a39616cea.json,1,48,0,0,0.0,0.0,15.8,15.8,0.8141,False,0,0.0,0,0.0,0
ukraine,2021,A-bank,evaluations/reruns/country_year_classification_20260630_211343/ukraine_2021/checkpoints_corrected/Ukraine_A_bank_2021_9cfbf583a155.json,evaluations/reruns/country_year_classification_20260630_211343/ukraine_2021/checkpoints/Ukraine_A_bank_2021_9cfbf583a155.json,1,18,0,0,0.0,0.0,11.0,11.0,0.8706,False,0,0.0,0,0.0,0
ukraine,2021,Credit Agricole Bank,evaluations/reruns/country_year_classification_20260630_211343/ukraine_2021/checkpoints_corrected/Ukraine_Credit_Agricole_Bank_2021_61f28bbb122a.json,evaluations/reruns/country_year_classification_20260630_211343/ukraine_2021/checkpoints/Ukraine_Credit_Agricole_Bank_2021_61f28bbb122a.json,1,50,0,0,0.0,0.0,35.0,35.0,0.5882,False,0,0.0,0,0.0,0
ukraine,2021,Credobank,evaluations/reruns/country_year_classification_20260630_211343/ukraine_2021/checkpoints_corrected/Ukraine_Credobank_2021_92750cf6e52d.json,evaluations/reruns/country_year_classification_20260630_211343/ukraine_2021/checkpoints/Ukraine_Credobank_2021_92750cf6e52d.json,1,49,0,0,0.0,0.0,24.5,24.5,0.7118,False,0,0.0,0,0.0,0
ukraine,2021,FUIB,evaluations/reruns/country_year_classification_20260630_211343/ukraine_2021/checkpoints_corrected/Ukraine_FUIB_2021_8c8842965ab1.json,evaluations/reruns/country_year_classification_20260630_211343/ukraine_2021/checkpoints/Ukraine_FUIB_2021_8c8842965ab1.json,1,39,0,0,0.0,0.0,22.0,22.0,0.7412,False,0,0.0,0,0.0,0
ukraine,2021,OTP Bank,evaluations/reruns/country_year_classification_20260630_211343/ukraine_2021/checkpoints_corrected/Ukraine_OTP_Bank_2021_e2037aa8fe0a.json,evaluations/reruns/country_year_classification_20260630_211343/ukraine_2021/checkpoints/Ukraine_OTP_Bank_2021_e2037aa8fe0a.json,1,53,0,0,0.0,0.0,38.0,38.0,0.5529,False,0,0.0,0,0.0,0
ukraine,2021,Oschadbank,evaluations/reruns/country_year_classification_20260630_211343/ukraine_2021/checkpoints_corrected/Ukraine_Oschadbank_2021_a1a5f80a126c.json,evaluations/reruns/country_year_classification_20260630_211343/ukraine_2021/checkpoints/Ukraine_Oschadbank_2021_a1a5f80a126c.json,1,119,1,0,0.0,0.0,36.0,36.0,0.5765,False,1,0.0,0,0.0,0
ukraine,2021,Pivdenny,evaluations/reruns/country_year_classification_20260630_211343/ukraine_2021/checkpoints_corrected/Ukraine_Pivdenny_2021_8070bcc3594f.json,evaluations/reruns/country_year_classification_20260630_211343/ukraine_2021/checkpoints/Ukraine_Pivdenny_2021_8070bcc3594f.json,1,103,0,0,0.0,0.0,32.0,32.0,0.6235,False,0,0.0,0,0.0,0
ukraine,2021,Privatbank,evaluations/reruns/country_year_classification_20260630_211343/ukraine_2021/checkpoints_corrected/Ukraine_Privatbank_2021_3589d03984a4.json,evaluations/reruns/country_year_classification_20260630_211343/ukraine_2021/checkpoints/Ukraine_Privatbank_2021_3589d03984a4.json,1,26,0,0,0.0,0.0,23.0,23.0,0.7294,False,0,0.0,0,0.0,0
ukraine,2021,Raiffeisen Bank JSC,evaluations/reruns/country_year_classification_20260630_211343/ukraine_2021/checkpoints_corrected/Ukraine_Raiffeisen_Bank_JSC_2021_769a8c75a33f.json,evaluations/reruns/country_year_classification_20260630_211343/ukraine_2021/checkpoints/Ukraine_Raiffeisen_Bank_JSC_2021_769a8c75a33f.json,1,75,3,0,0.0,0.0,50.0,50.0,0.4118,False,3,251300000.0,2,176300000.0,1
ukraine,2021,Sense Bank,evaluations/reruns/country_year_classification_20260630_211343/ukraine_2021/checkpoints_corrected/Ukraine_Sense_Bank_2021_d3f60438609d.json,evaluations/reruns/country_year_classification_20260630_211343/ukraine_2021/checkpoints/Ukraine_Sense_Bank_2021_d3f60438609d.json,1,47,2,0,0.0,0.0,28.0,28.0,0.6706,False,2,43413.08,2,58499.13,2
ukraine,2021,Tascombank,evaluations/reruns/country_year_classification_20260630_211343/ukraine_2021/checkpoints_corrected/Ukraine_Tascombank_2021_30df69091e1e.json,evaluations/reruns/country_year_classification_20260630_211343/ukraine_2021/checkpoints/Ukraine_Tascombank_2021_30df69091e1e.json,1,26,0,0,0.0,0.0,14.0,14.0,0.8353,False,0,0.0,0,0.0,0
ukraine,2021,Ukreximbank,evaluations/reruns/country_year_classification_20260630_211343/ukraine_2021/checkpoints_corrected/Ukraine_Ukreximbank_2021_f68690d4b7d8.json,evaluations/reruns/country_year_classification_20260630_211343/ukraine_2021/checkpoints/Ukraine_Ukreximbank_2021_f68690d4b7d8.json,1,63,0,0,0.0,0.0,35.5,35.5,0.5824,False,0,0.0,0,0.0,0
ukraine,2021,Ukrgazbank,evaluations/reruns/country_year_classification_20260630_211343/ukraine_2021/checkpoints_corrected/Ukraine_Ukrgazbank_2021_def6b26420b5.json,evaluations/reruns/country_year_classification_20260630_211343/ukraine_2021/checkpoints/Ukraine_Ukrgazbank_2021_def6b26420b5.json,1,97,4,0,0.0,0.0,39.0,39.0,0.5412,False,4,1095600000.0,3,0.0,0
ukraine,2021,Ukrsibbank,evaluations/reruns/country_year_classification_20260630_211343/ukraine_2021/checkpoints_corrected/Ukraine_Ukrsibbank_2021_dce7fa26bb7a.json,evaluations/reruns/country_year_classification_20260630_211343/ukraine_2021/checkpoints/Ukraine_Ukrsibbank_2021_dce7fa26bb7a.json,2,34,0,0,0.0,0.0,23.5,23.5,0.7235,False,0,0.0,0,0.0,0
ukraine,2021,Universal Bank,evaluations/reruns/country_year_classification_20260630_211343/ukraine_2021/checkpoints_corrected/Ukraine_Universal_Bank_2021_9dfbccbf5cda.json,evaluations/reruns/country_year_classification_20260630_211343/ukraine_2021/checkpoints/Ukraine_Universal_Bank_2021_9dfbccbf5cda.json,1,27,0,0,0.0,0.0,12.0,12.0,0.8588,False,0,0.0,0,0.0,0
ukraine,2022,A-bank,evaluations/reruns/country_year_classification_20260630_211343/ukraine_2022/checkpoints_corrected/Ukraine_A_bank_2022_f4646ec7af20.json,evaluations/reruns/country_year_classification_20260630_211343/ukraine_2022/checkpoints/Ukraine_A_bank_2022_f4646ec7af20.json,1,72,0,0,0.0,0.0,28.5,28.5,0.6647,False,0,0.0,0,0.0,0
ukraine,2022,Credit Agricole Bank,evaluations/reruns/country_year_classification_20260630_211343/ukraine_2022/checkpoints_corrected/Ukraine_Credit_Agricole_Bank_2022_12f01592aa99.json,evaluations/reruns/country_year_classification_20260630_211343/ukraine_2022/checkpoints/Ukraine_Credit_Agricole_Bank_2022_12f01592aa99.json,1,92,0,0,0.0,0.0,44.0,44.0,0.4824,False,0,0.0,0,0.0,0
ukraine,2022,Credobank,evaluations/reruns/country_year_classification_20260630_211343/ukraine_2022/checkpoints_corrected/Ukraine_Credobank_2022_5c2177484b36.json,evaluations/reruns/country_year_classification_20260630_211343/ukraine_2022/checkpoints/Ukraine_Credobank_2022_5c2177484b36.json,1,37,0,0,0.0,0.0,30.0,30.0,0.6471,False,0,0.0,0,0.0,0
ukraine,2022,FUIB,evaluations/reruns/country_year_classification_20260630_211343/ukraine_2022/checkpoints_corrected/Ukraine_FUIB_2022_d72a53103c68.json,evaluations/reruns/country_year_classification_20260630_211343/ukraine_2022/checkpoints/Ukraine_FUIB_2022_d72a53103c68.json,1,57,0,0,0.0,0.0,22.0,22.0,0.7412,False,0,0.0,0,0.0,0
ukraine,2022,OTP Bank,evaluations/reruns/country_year_classification_20260630_211343/ukraine_2022/checkpoints_corrected/Ukraine_OTP_Bank_2022_afdc477917bc.json,evaluations/reruns/country_year_classification_20260630_211343/ukraine_2022/checkpoints/Ukraine_OTP_Bank_2022_afdc477917bc.json,1,63,0,0,0.0,0.0,35.0,35.0,0.5882,False,0,0.0,0,0.0,0
ukraine,2022,Oschadbank,evaluations/reruns/country_year_classification_20260630_211343/ukraine_2022/checkpoints_corrected/Ukraine_Oschadbank_2022_ace3b6f27c25.json,evaluations/reruns/country_year_classification_20260630_211343/ukraine_2022/checkpoints/Ukraine_Oschadbank_2022_ace3b6f27c25.json,1,121,0,0,0.0,0.0,43.5,43.5,0.4882,False,0,0.0,0,0.0,0
ukraine,2022,Pivdenny,evaluations/reruns/country_year_classification_20260630_211343/ukraine_2022/checkpoints_corrected/Ukraine_Pivdenny_2022_2727bcade74f.json,evaluations/reruns/country_year_classification_20260630_211343/ukraine_2022/checkpoints/Ukraine_Pivdenny_2022_2727bcade74f.json,1,20,0,0,0.0,0.0,18.0,18.0,0.7882,False,0,0.0,0,0.0,0
ukraine,2022,Privatbank,evaluations/reruns/country_year_classification_20260630_211343/ukraine_2022/checkpoints_corrected/Ukraine_Privatbank_2022_1908ee146f43.json,evaluations/reruns/country_year_classification_20260630_211343/ukraine_2022/checkpoints/Ukraine_Privatbank_2022_1908ee146f43.json,1,42,0,0,0.0,0.0,27.0,27.0,0.6824,False,0,0.0,0,0.0,0
ukraine,2022,Raiffeisen Bank JSC,evaluations/reruns/country_year_classification_20260630_211343/ukraine_2022/checkpoints_corrected/Ukraine_Raiffeisen_Bank_JSC_2022_76a3259eaf0d.json,evaluations/reruns/country_year_classification_20260630_211343/ukraine_2022/checkpoints/Ukraine_Raiffeisen_Bank_JSC_2022_76a3259eaf0d.json,1,98,3,0,0.0,0.0,37.5,37.5,0.5588,False,3,0.0,0,0.0,0
ukraine,2022,Sense Bank,evaluations/reruns/country_year_classification_20260630_211343/ukraine_2022/checkpoints_corrected/Ukraine_Sense_Bank_2022_8bdd3d0ee1d3.json,evaluations/reruns/country_year_classification_20260630_211343/ukraine_2022/checkpoints/Ukraine_Sense_Bank_2022_8bdd3d0ee1d3.json,1,52,1,0,0.0,0.0,29.0,29.0,0.6588,False,1,41857.77,1,44770.38,1
ukraine,2022,Tascombank,evaluations/reruns/country_year_classification_20260630_211343/ukraine_2022/checkpoints_corrected/Ukraine_Tascombank_2022_f6add08b0448.json,evaluations/reruns/country_year_classification_20260630_211343/ukraine_2022/checkpoints/Ukraine_Tascombank_2022_f6add08b0448.json,1,16,0,0,0.0,0.0,13.0,13.0,0.8471,False,0,0.0,0,0.0,0
ukraine,2022,Ukreximbank,evaluations/reruns/country_year_classification_20260630_211343/ukraine_2022/checkpoints_corrected/Ukraine_Ukreximbank_2022_adeecd6d4fda.json,evaluations/reruns/country_year_classification_20260630_211343/ukraine_2022/checkpoints/Ukraine_Ukreximbank_2022_adeecd6d4fda.json,1,66,2,0,0.0,0.0,34.0,34.0,0.6,False,2,125503704.0,2,0.0,0
ukraine,2022,Ukrgazbank,evaluations/reruns/country_year_classification_20260630_211343/ukraine_2022/checkpoints_corrected/Ukraine_Ukrgazbank_2022_08a439331c72.json,evaluations/reruns/country_year_classification_20260630_211343/ukraine_2022/checkpoints/Ukraine_Ukrgazbank_2022_08a439331c72.json,1,45,0,0,0.0,0.0,19.0,19.0,0.7765,False,0,0.0,0,0.0,0
ukraine,2022,Ukrsibbank,evaluations/reruns/country_year_classification_20260630_211343/ukraine_2022/checkpoints_corrected/Ukraine_Ukrsibbank_2022_c232147c1a1c.json,evaluations/reruns/country_year_classification_20260630_211343/ukraine_2022/checkpoints/Ukraine_Ukrsibbank_2022_c232147c1a1c.json,2,39,0,0,0.0,0.0,14.0,14.0,0.8353,False,0,0.0,0,0.0,0
ukraine,2022,Universal Bank,evaluations/reruns/country_year_classification_20260630_211343/ukraine_2022/checkpoints_corrected/Ukraine_Universal_Bank_2022_010b9ec013f5.json,evaluations/reruns/country_year_classification_20260630_211343/ukraine_2022/checkpoints/Ukraine_Universal_Bank_2022_010b9ec013f5.json,1,32,0,0,0.0,0.0,12.0,12.0,0.8588,False,0,0.0,0,0.0,0
ukraine,2023,A-bank,evaluations/reruns/country_year_classification_20260630_211343/ukraine_2023/checkpoints_corrected/Ukraine_A_bank_2023_22ab43953fd8.json,evaluations/reruns/country_year_classification_20260630_211343/ukraine_2023/checkpoints/Ukraine_A_bank_2023_22ab43953fd8.json,1,14,0,0,0.0,0.0,18.0,18.0,0.7882,False,0,0.0,0,0.0,0
ukraine,2023,Credit Agricole Bank,evaluations/reruns/country_year_classification_20260630_211343/ukraine_2023/checkpoints_corrected/Ukraine_Credit_Agricole_Bank_2023_38edaa4912dd.json,evaluations/reruns/country_year_classification_20260630_211343/ukraine_2023/checkpoints/Ukraine_Credit_Agricole_Bank_2023_38edaa4912dd.json,1,105,0,0,0.0,0.0,37.0,37.0,0.5647,False,0,0.0,0,0.0,0
ukraine,2023,Credobank,evaluations/reruns/country_year_classification_20260630_211343/ukraine_2023/checkpoints_corrected/Ukraine_Credobank_2023_52009b319004.json,evaluations/reruns/country_year_classification_20260630_211343/ukraine_2023/checkpoints/Ukraine_Credobank_2023_52009b319004.json,1,94,0,0,0.0,0.0,27.0,27.0,0.6824,False,0,0.0,0,0.0,0
ukraine,2023,FUIB,evaluations/reruns/country_year_classification_20260630_211343/ukraine_2023/checkpoints_corrected/Ukraine_FUIB_2023_0edb3adc84e7.json,evaluations/reruns/country_year_classification_20260630_211343/ukraine_2023/checkpoints/Ukraine_FUIB_2023_0edb3adc84e7.json,1,58,0,0,0.0,0.0,16.5,16.5,0.8059,False,0,0.0,0,0.0,0
ukraine,2023,OTP Bank,evaluations/reruns/country_year_classification_20260630_211343/ukraine_2023/checkpoints_corrected/Ukraine_OTP_Bank_2023_bab70f0d7080.json,evaluations/reruns/country_year_classification_20260630_211343/ukraine_2023/checkpoints/Ukraine_OTP_Bank_2023_bab70f0d7080.json,1,83,0,0,0.0,0.0,38.0,38.0,0.5529,False,0,0.0,0,0.0,0
ukraine,2023,Oschadbank,evaluations/reruns/country_year_classification_20260630_211343/ukraine_2023/checkpoints_corrected/Ukraine_Oschadbank_2023_045843685980.json,evaluations/reruns/country_year_classification_20260630_211343/ukraine_2023/checkpoints/Ukraine_Oschadbank_2023_045843685980.json,1,111,0,0,0.0,0.0,39.0,39.0,0.5412,False,0,0.0,0,0.0,0
ukraine,2023,Pivdenny,evaluations/reruns/country_year_classification_20260630_211343/ukraine_2023/checkpoints_corrected/Ukraine_Pivdenny_2023_de453ee2bba5.json,evaluations/reruns/country_year_classification_20260630_211343/ukraine_2023/checkpoints/Ukraine_Pivdenny_2023_de453ee2bba5.json,1,63,0,0,0.0,0.0,19.5,19.5,0.7706,False,0,0.0,0,0.0,0
ukraine,2023,Privatbank,evaluations/reruns/country_year_classification_20260630_211343/ukraine_2023/checkpoints_corrected/Ukraine_Privatbank_2023_c781274e7ed9.json,evaluations/reruns/country_year_classification_20260630_211343/ukraine_2023/checkpoints/Ukraine_Privatbank_2023_c781274e7ed9.json,1,159,0,0,0.0,0.0,38.0,38.0,0.5529,False,0,0.0,0,0.0,0
ukraine,2023,Sense Bank,evaluations/reruns/country_year_classification_20260630_211343/ukraine_2023/checkpoints_corrected/Ukraine_Sense_Bank_2023_2beaac8df163.json,evaluations/reruns/country_year_classification_20260630_211343/ukraine_2023/checkpoints/Ukraine_Sense_Bank_2023_2beaac8df163.json,1,106,3,1,781.77,1563.54,38.5,33.5,0.6059,False,3,64896.0,2,64057.76,2
ukraine,2023,Tascombank,evaluations/reruns/country_year_classification_20260630_211343/ukraine_2023/checkpoints_corrected/Ukraine_Tascombank_2023_f4434c4f64c6.json,evaluations/reruns/country_year_classification_20260630_211343/ukraine_2023/checkpoints/Ukraine_Tascombank_2023_f4434c4f64c6.json,1,17,0,0,0.0,0.0,7.5,7.5,0.9118,False,0,0.0,0,0.0,0
ukraine,2023,Ukreximbank,evaluations/reruns/country_year_classification_20260630_211343/ukraine_2023/checkpoints_corrected/Ukraine_Ukreximbank_2023_d0d9f263e3a8.json,evaluations/reruns/country_year_classification_20260630_211343/ukraine_2023/checkpoints/Ukraine_Ukreximbank_2023_d0d9f263e3a8.json,1,116,1,0,0.0,0.0,39.0,39.0,0.5412,False,1,0.0,0,0.0,0
ukraine,2023,Ukrgazbank,evaluations/reruns/country_year_classification_20260630_211343/ukraine_2023/checkpoints_corrected/Ukraine_Ukrgazbank_2023_62d06560bcdb.json,evaluations/reruns/country_year_classification_20260630_211343/ukraine_2023/checkpoints/Ukraine_Ukrgazbank_2023_62d06560bcdb.json,1,203,1,0,0.0,0.0,60.0,60.0,0.2941,False,1,72000000.0,1,71070000.0,1
ukraine,2023,Ukrsibbank,evaluations/reruns/country_year_classification_20260630_211343/ukraine_2023/checkpoints_corrected/Ukraine_Ukrsibbank_2023_a246ee84a629.json,evaluations/reruns/country_year_classification_20260630_211343/ukraine_2023/checkpoints/Ukraine_Ukrsibbank_2023_a246ee84a629.json,2,103,0,0,0.0,0.0,55.0,55.0,0.3529,False,0,0.0,0,0.0,0
ukraine,2024,A-bank,evaluations/reruns/country_year_classification_20260630_211343/ukraine_2024/checkpoints_corrected/Ukraine_A_bank_2024_ef994714e671.json,evaluations/reruns/country_year_classification_20260630_211343/ukraine_2024/checkpoints/Ukraine_A_bank_2024_ef994714e671.json,1,5,0,0,0.0,0.0,4.0,4.0,0.9529,False,0,0.0,0,0.0,0
ukraine,2024,Credit Agricole Bank,evaluations/reruns/country_year_classification_20260630_211343/ukraine_2024/checkpoints_corrected/Ukraine_Credit_Agricole_Bank_2024_fb5a2d3629d7.json,evaluations/reruns/country_year_classification_20260630_211343/ukraine_2024/checkpoints/Ukraine_Credit_Agricole_Bank_2024_fb5a2d3629d7.json,1,110,0,0,0.0,0.0,47.0,47.0,0.4471,False,0,0.0,0,0.0,0
ukraine,2024,Credobank,evaluations/reruns/country_year_classification_20260630_211343/ukraine_2024/checkpoints_corrected/Ukraine_Credobank_2024_54d05641be9e.json,evaluations/reruns/country_year_classification_20260630_211343/ukraine_2024/checkpoints/Ukraine_Credobank_2024_54d05641be9e.json,1,1,0,0,0.0,0.0,3.0,3.0,0.9647,False,0,0.0,0,0.0,0
ukraine,2024,FUIB,evaluations/reruns/country_year_classification_20260630_211343/ukraine_2024/checkpoints_corrected/Ukraine_FUIB_2024_78f63cebf526.json,evaluations/reruns/country_year_classification_20260630_211343/ukraine_2024/checkpoints/Ukraine_FUIB_2024_78f63cebf526.json,1,67,0,0,0.0,0.0,54.5,54.5,0.3588,False,0,0.0,0,0.0,0
ukraine,2024,OTP Bank,evaluations/reruns/country_year_classification_20260630_211343/ukraine_2024/checkpoints_corrected/Ukraine_OTP_Bank_2024_d69a7450caf3.json,evaluations/reruns/country_year_classification_20260630_211343/ukraine_2024/checkpoints/Ukraine_OTP_Bank_2024_d69a7450caf3.json,1,97,2,0,0.0,0.0,44.1,44.1,0.4812,False,2,0.0,0,0.0,0
ukraine,2024,Oschadbank,evaluations/reruns/country_year_classification_20260630_211343/ukraine_2024/checkpoints_corrected/Ukraine_Oschadbank_2024_e83dd966f527.json,evaluations/reruns/country_year_classification_20260630_211343/ukraine_2024/checkpoints/Ukraine_Oschadbank_2024_e83dd966f527.json,1,237,5,0,0.0,0.0,59.0,59.0,0.3059,False,5,0.0,0,0.0,0
ukraine,2024,Privatbank,evaluations/reruns/country_year_classification_20260630_211343/ukraine_2024/checkpoints_corrected/Ukraine_Privatbank_2024_4992178b88c3.json,evaluations/reruns/country_year_classification_20260630_211343/ukraine_2024/checkpoints/Ukraine_Privatbank_2024_4992178b88c3.json,1,210,1,0,0.0,0.0,55.0,55.0,0.3529,False,1,0.0,0,0.0,0
ukraine,2024,Raiffeisen Bank JSC,evaluations/reruns/country_year_classification_20260630_211343/ukraine_2024/checkpoints_corrected/Ukraine_Raiffeisen_Bank_JSC_2024_5fd57cbcbc94.json,evaluations/reruns/country_year_classification_20260630_211343/ukraine_2024/checkpoints/Ukraine_Raiffeisen_Bank_JSC_2024_5fd57cbcbc94.json,1,164,1,0,0.0,0.0,57.0,57.0,0.3294,False,1,0.0,0,0.0,0
ukraine,2024,Sense Bank,evaluations/reruns/country_year_classification_20260630_211343/ukraine_2024/checkpoints_corrected/Ukraine_Sense_Bank_2024_33d90c40458f.json,evaluations/reruns/country_year_classification_20260630_211343/ukraine_2024/checkpoints/Ukraine_Sense_Bank_2024_33d90c40458f.json,1,107,0,0,0.0,0.0,48.5,48.5,0.4294,False,0,0.0,0,0.0,0
ukraine,2024,Tascombank,evaluations/reruns/country_year_classification_20260630_211343/ukraine_2024/checkpoints_corrected/Ukraine_Tascombank_2024_ef6fc058532d.json,evaluations/reruns/country_year_classification_20260630_211343/ukraine_2024/checkpoints/Ukraine_Tascombank_2024_ef6fc058532d.json,1,74,0,0,0.0,0.0,22.5,22.5,0.7353,False,0,0.0,0,0.0,0
ukraine,2024,Ukreximbank,evaluations/reruns/country_year_classification_20260630_211343/ukraine_2024/checkpoints_corrected/Ukraine_Ukreximbank_2024_65db74042185.json,evaluations/reruns/country_year_classification_20260630_211343/ukraine_2024/checkpoints/Ukraine_Ukreximbank_2024_65db74042185.json,1,58,0,0,0.0,0.0,30.0,30.0,0.6471,False,0,0.0,0,0.0,0
ukraine,2024,Ukrgazbank,evaluations/reruns/country_year_classification_20260630_211343/ukraine_2024/checkpoints_corrected/Ukraine_Ukrgazbank_2024_16e4f0ce2ada.json,evaluations/reruns/country_year_classification_20260630_211343/ukraine_2024/checkpoints/Ukraine_Ukrgazbank_2024_16e4f0ce2ada.json,1,125,2,0,0.0,0.0,45.5,45.5,0.4647,False,2,0.0,0,0.0,0
ukraine,2024,Ukrsibbank,evaluations/reruns/country_year_classification_20260630_211343/ukraine_2024/checkpoints_corrected/Ukraine_Ukrsibbank_2024_4b92be1e0732.json,evaluations/reruns/country_year_classification_20260630_211343/ukraine_2024/checkpoints/Ukraine_Ukrsibbank_2024_4b92be1e0732.json,2,69,0,0,0.0,0.0,32.5,32.5,0.6176,False,0,0.0,0,0.0,0
