country,year,sdg,narrative_weight,finance_eur,finance_eur_basis,narrative_share,finance_share,gap_pp,normalized_allocated_eur_for_display,display_allocation_basis
finland,2019,1,0.0,0.0,tagged_exposure_not_conserved_money,0.0,,,0.0,unique_row_amount_times_tagged_share_not_observed_sdg_money
finland,2019,2,0.0,0.0,tagged_exposure_not_conserved_money,0.0,,,0.0,unique_row_amount_times_tagged_share_not_observed_sdg_money
finland,2019,3,35.0,0.0,tagged_exposure_not_conserved_money,0.030198446937014668,,,0.0,unique_row_amount_times_tagged_share_not_observed_sdg_money
finland,2019,4,35.0,0.0,tagged_exposure_not_conserved_money,0.030198446937014668,,,0.0,unique_row_amount_times_tagged_share_not_observed_sdg_money
finland,2019,5,96.0,0.0,tagged_exposure_not_conserved_money,0.08283002588438308,,,0.0,unique_row_amount_times_tagged_share_not_observed_sdg_money
finland,2019,6,6.0,0.0,tagged_exposure_not_conserved_money,0.005176876617773943,,,0.0,unique_row_amount_times_tagged_share_not_observed_sdg_money
finland,2019,7,55.0,0.0,tagged_exposure_not_conserved_money,0.04745470232959448,,,0.0,unique_row_amount_times_tagged_share_not_observed_sdg_money
finland,2019,8,104.0,0.0,tagged_exposure_not_conserved_money,0.08973252804141502,,,0.0,unique_row_amount_times_tagged_share_not_observed_sdg_money
finland,2019,9,87.0,0.0,tagged_exposure_not_conserved_money,0.07506471095772217,,,0.0,unique_row_amount_times_tagged_share_not_observed_sdg_money
finland,2019,10,33.0,0.0,tagged_exposure_not_conserved_money,0.028472821397756688,,,0.0,unique_row_amount_times_tagged_share_not_observed_sdg_money
finland,2019,11,13.0,0.0,tagged_exposure_not_conserved_money,0.011216566005176877,,,0.0,unique_row_amount_times_tagged_share_not_observed_sdg_money
finland,2019,12,120.0,0.0,tagged_exposure_not_conserved_money,0.10353753235547886,,,0.0,unique_row_amount_times_tagged_share_not_observed_sdg_money
finland,2019,13,309.0,0.0,tagged_exposure_not_conserved_money,0.26660914581535805,,,0.0,unique_row_amount_times_tagged_share_not_observed_sdg_money
finland,2019,14,0.0,0.0,tagged_exposure_not_conserved_money,0.0,,,0.0,unique_row_amount_times_tagged_share_not_observed_sdg_money
finland,2019,15,6.0,0.0,tagged_exposure_not_conserved_money,0.005176876617773943,,,0.0,unique_row_amount_times_tagged_share_not_observed_sdg_money
finland,2019,16,188.0,0.0,tagged_exposure_not_conserved_money,0.1622088006902502,,,0.0,unique_row_amount_times_tagged_share_not_observed_sdg_money
finland,2019,17,72.0,0.0,tagged_exposure_not_conserved_money,0.062122519413287315,,,0.0,unique_row_amount_times_tagged_share_not_observed_sdg_money
finland,2020,1,111.0,0.0,tagged_exposure_not_conserved_money,0.021678417280237484,,,0.0,unique_row_amount_times_tagged_share_not_observed_sdg_money
finland,2020,2,0.0,0.0,tagged_exposure_not_conserved_money,0.0,,,0.0,unique_row_amount_times_tagged_share_not_observed_sdg_money
finland,2020,3,272.8,0.0,tagged_exposure_not_conserved_money,0.05327812823467375,,,0.0,unique_row_amount_times_tagged_share_not_observed_sdg_money
finland,2020,4,212.5,0.0,tagged_exposure_not_conserved_money,0.041501474522977165,,,0.0,unique_row_amount_times_tagged_share_not_observed_sdg_money
finland,2020,5,285.5,0.0,tagged_exposure_not_conserved_money,0.05575845165322344,,,0.0,unique_row_amount_times_tagged_share_not_observed_sdg_money
finland,2020,6,3.0,0.0,tagged_exposure_not_conserved_money,0.0005859031697361482,,,0.0,unique_row_amount_times_tagged_share_not_observed_sdg_money
finland,2020,7,281.0,0.0,tagged_exposure_not_conserved_money,0.054879596898619216,,,0.0,unique_row_amount_times_tagged_share_not_observed_sdg_money
finland,2020,8,710.0,0.0,tagged_exposure_not_conserved_money,0.13866375017088842,,,0.0,unique_row_amount_times_tagged_share_not_observed_sdg_money
finland,2020,9,278.0,0.0,tagged_exposure_not_conserved_money,0.05429369372888307,,,0.0,unique_row_amount_times_tagged_share_not_observed_sdg_money
finland,2020,10,181.5,0.0,tagged_exposure_not_conserved_money,0.03544714176903697,,,0.0,unique_row_amount_times_tagged_share_not_observed_sdg_money
finland,2020,11,145.0,0.0,tagged_exposure_not_conserved_money,0.028318653203913833,,,0.0,unique_row_amount_times_tagged_share_not_observed_sdg_money
finland,2020,12,577.0,0.0,tagged_exposure_not_conserved_money,0.11268870964591918,,,0.0,unique_row_amount_times_tagged_share_not_observed_sdg_money
finland,2020,13,1084.5,0.0,tagged_exposure_not_conserved_money,0.2118039958596176,,,0.0,unique_row_amount_times_tagged_share_not_observed_sdg_money
finland,2020,14,24.0,0.0,tagged_exposure_not_conserved_money,0.004687225357889186,,,0.0,unique_row_amount_times_tagged_share_not_observed_sdg_money
finland,2020,15,77.0,0.0,tagged_exposure_not_conserved_money,0.015038181356561138,,,0.0,unique_row_amount_times_tagged_share_not_observed_sdg_money
finland,2020,16,598.5,0.0,tagged_exposure_not_conserved_money,0.11688768236236158,,,0.0,unique_row_amount_times_tagged_share_not_observed_sdg_money
finland,2020,17,279.0,0.0,tagged_exposure_not_conserved_money,0.054488994785461785,,,0.0,unique_row_amount_times_tagged_share_not_observed_sdg_money
finland,2021,1,52.0,0.0,tagged_exposure_not_conserved_money,0.009883113180651906,,,0.0,unique_row_amount_times_tagged_share_not_observed_sdg_money
finland,2021,2,16.0,0.0,tagged_exposure_not_conserved_money,0.003040957901739048,,,0.0,unique_row_amount_times_tagged_share_not_observed_sdg_money
finland,2021,3,172.0,0.0,tagged_exposure_not_conserved_money,0.03269029744369476,,,0.0,unique_row_amount_times_tagged_share_not_observed_sdg_money
finland,2021,4,291.0,0.0,tagged_exposure_not_conserved_money,0.05530742183787893,,,0.0,unique_row_amount_times_tagged_share_not_observed_sdg_money
finland,2021,5,317.5,0.0,tagged_exposure_not_conserved_money,0.06034400836263423,,,0.0,unique_row_amount_times_tagged_share_not_observed_sdg_money
finland,2021,6,39.0,0.0,tagged_exposure_not_conserved_money,0.007412334885488929,,,0.0,unique_row_amount_times_tagged_share_not_observed_sdg_money
finland,2021,7,205.5,0.0,tagged_exposure_not_conserved_money,0.039057303050460894,,,0.0,unique_row_amount_times_tagged_share_not_observed_sdg_money
finland,2021,8,611.0,0.0,tagged_exposure_not_conserved_money,0.11612657987265988,,,0.0,unique_row_amount_times_tagged_share_not_observed_sdg_money
finland,2021,9,303.0,0.0,tagged_exposure_not_conserved_money,0.05758814026418322,,,0.0,unique_row_amount_times_tagged_share_not_observed_sdg_money
finland,2021,10,174.0,0.0,tagged_exposure_not_conserved_money,0.03307041718141215,,,0.0,unique_row_amount_times_tagged_share_not_observed_sdg_money
finland,2021,11,115.5,0.0,tagged_exposure_not_conserved_money,0.021951914853178753,,,0.0,unique_row_amount_times_tagged_share_not_observed_sdg_money
finland,2021,12,463.0,0.0,tagged_exposure_not_conserved_money,0.0879977192815737,,,0.0,unique_row_amount_times_tagged_share_not_observed_sdg_money
finland,2021,13,1493.0,0.0,tagged_exposure_not_conserved_money,0.2837593842060249,,,0.0,unique_row_amount_times_tagged_share_not_observed_sdg_money
finland,2021,14,60.0,0.0,tagged_exposure_not_conserved_money,0.01140359213152143,,,0.0,unique_row_amount_times_tagged_share_not_observed_sdg_money
finland,2021,15,67.0,0.0,tagged_exposure_not_conserved_money,0.012734011213532263,,,0.0,unique_row_amount_times_tagged_share_not_observed_sdg_money
finland,2021,16,610.0,0.0,tagged_exposure_not_conserved_money,0.1159365200038012,,,0.0,unique_row_amount_times_tagged_share_not_observed_sdg_money
finland,2021,17,272.0,0.0,tagged_exposure_not_conserved_money,0.051696284329563816,,,0.0,unique_row_amount_times_tagged_share_not_observed_sdg_money
finland,2022,1,61.0,0.0,tagged_exposure_not_conserved_money,0.009243824821942718,,,0.0,unique_row_amount_times_tagged_share_not_observed_sdg_money
finland,2022,2,31.0,0.0,tagged_exposure_not_conserved_money,0.004697681466888923,,,0.0,unique_row_amount_times_tagged_share_not_observed_sdg_money
finland,2022,3,187.5,0.0,tagged_exposure_not_conserved_money,0.028413395969086225,,,0.0,unique_row_amount_times_tagged_share_not_observed_sdg_money
finland,2022,4,231.0,0.0,tagged_exposure_not_conserved_money,0.03500530383391423,,,0.0,unique_row_amount_times_tagged_share_not_observed_sdg_money
finland,2022,5,387.0,0.0,tagged_exposure_not_conserved_money,0.05864524928019397,,,0.0,unique_row_amount_times_tagged_share_not_observed_sdg_money
finland,2022,6,34.0,0.0,tagged_exposure_not_conserved_money,0.005152295802394302,,,0.0,unique_row_amount_times_tagged_share_not_observed_sdg_money
finland,2022,7,423.5,0.0,tagged_exposure_not_conserved_money,0.06417639036217608,,,0.0,unique_row_amount_times_tagged_share_not_observed_sdg_money
finland,2022,8,756.0,0.0,tagged_exposure_not_conserved_money,0.11456281254735566,,,0.0,unique_row_amount_times_tagged_share_not_observed_sdg_money
finland,2022,9,301.0,0.0,tagged_exposure_not_conserved_money,0.04561297166237309,,,0.0,unique_row_amount_times_tagged_share_not_observed_sdg_money
finland,2022,10,163.0,0.0,tagged_exposure_not_conserved_money,0.024700712229125624,,,0.0,unique_row_amount_times_tagged_share_not_observed_sdg_money
finland,2022,11,146.0,0.0,tagged_exposure_not_conserved_money,0.022124564327928475,,,0.0,unique_row_amount_times_tagged_share_not_observed_sdg_money
finland,2022,12,777.0,0.0,tagged_exposure_not_conserved_money,0.11774511289589332,,,0.0,unique_row_amount_times_tagged_share_not_observed_sdg_money
finland,2022,13,1867.0,0.0,tagged_exposure_not_conserved_money,0.28292165479618125,,,0.0,unique_row_amount_times_tagged_share_not_observed_sdg_money
finland,2022,14,62.0,0.0,tagged_exposure_not_conserved_money,0.009395362933777846,,,0.0,unique_row_amount_times_tagged_share_not_observed_sdg_money
finland,2022,15,124.0,0.0,tagged_exposure_not_conserved_money,0.01879072586755569,,,0.0,unique_row_amount_times_tagged_share_not_observed_sdg_money
finland,2022,16,803.0,0.0,tagged_exposure_not_conserved_money,0.1216851038036066,,,0.0,unique_row_amount_times_tagged_share_not_observed_sdg_money
finland,2022,17,245.0,0.0,tagged_exposure_not_conserved_money,0.037126837399606004,,,0.0,unique_row_amount_times_tagged_share_not_observed_sdg_money
finland,2023,1,78.0,0.0,tagged_exposure_not_conserved_money,0.007517347725520432,,,0.0,unique_row_amount_times_tagged_share_not_observed_sdg_money
finland,2023,2,50.0,0.0,tagged_exposure_not_conserved_money,0.00481881264456438,,,0.0,unique_row_amount_times_tagged_share_not_observed_sdg_money
finland,2023,3,359.0,0.0,tagged_exposure_not_conserved_money,0.034599074787972244,,,0.0,unique_row_amount_times_tagged_share_not_observed_sdg_money
finland,2023,4,335.0,0.0,tagged_exposure_not_conserved_money,0.03228604471858134,,,0.0,unique_row_amount_times_tagged_share_not_observed_sdg_money
finland,2023,5,406.0,0.0,tagged_exposure_not_conserved_money,0.03912875867386276,,,0.0,unique_row_amount_times_tagged_share_not_observed_sdg_money
finland,2023,6,139.0,0.0,tagged_exposure_not_conserved_money,0.013396299151888974,,,0.0,unique_row_amount_times_tagged_share_not_observed_sdg_money
finland,2023,7,734.5,0.0,tagged_exposure_not_conserved_money,0.07078835774865073,,,0.0,unique_row_amount_times_tagged_share_not_observed_sdg_money
finland,2023,8,990.0,0.0,tagged_exposure_not_conserved_money,0.09541249036237472,,,0.0,unique_row_amount_times_tagged_share_not_observed_sdg_money
finland,2023,9,552.0,0.0,tagged_exposure_not_conserved_money,0.05319969159599075,,,0.0,unique_row_amount_times_tagged_share_not_observed_sdg_money
finland,2023,10,263.0,0.0,tagged_exposure_not_conserved_money,0.025346954510408637,,,0.0,unique_row_amount_times_tagged_share_not_observed_sdg_money
finland,2023,11,261.0,0.0,tagged_exposure_not_conserved_money,0.02515420200462606,,,0.0,unique_row_amount_times_tagged_share_not_observed_sdg_money
finland,2023,12,1092.5,0.0,tagged_exposure_not_conserved_money,0.10529105628373168,,,0.0,unique_row_amount_times_tagged_share_not_observed_sdg_money
finland,2023,13,3285.0,0.0,tagged_exposure_not_conserved_money,0.3165959907478797,,,0.0,unique_row_amount_times_tagged_share_not_observed_sdg_money
finland,2023,14,187.5,0.0,tagged_exposure_not_conserved_money,0.018070547417116424,,,0.0,unique_row_amount_times_tagged_share_not_observed_sdg_money
finland,2023,15,373.0,0.0,tagged_exposure_not_conserved_money,0.03594834232845027,,,0.0,unique_row_amount_times_tagged_share_not_observed_sdg_money
finland,2023,16,888.0,0.0,tagged_exposure_not_conserved_money,0.08558211256746338,,,0.0,unique_row_amount_times_tagged_share_not_observed_sdg_money
finland,2023,17,382.5,0.0,tagged_exposure_not_conserved_money,0.036863916730917504,,,0.0,unique_row_amount_times_tagged_share_not_observed_sdg_money
finland,2024,1,115.0,0.0,tagged_exposure_not_conserved_money,0.0062824364927615405,0.0,0.6282436492761541,0.0,unique_row_amount_times_tagged_share_not_observed_sdg_money
finland,2024,2,16.0,0.0,tagged_exposure_not_conserved_money,0.0008740781207320404,0.0,0.08740781207320404,0.0,unique_row_amount_times_tagged_share_not_observed_sdg_money
finland,2024,3,683.0,6250.0,tagged_exposure_not_conserved_money,0.037312209778748974,1.0,-96.2687790221251,6250.0,unique_row_amount_times_tagged_share_not_observed_sdg_money
finland,2024,4,422.5,0.0,tagged_exposure_not_conserved_money,0.023081125375580443,0.0,2.3081125375580442,0.0,unique_row_amount_times_tagged_share_not_observed_sdg_money
finland,2024,5,1064.5,0.0,tagged_exposure_not_conserved_money,0.05815350996995357,0.0,5.815350996995357,0.0,unique_row_amount_times_tagged_share_not_observed_sdg_money
finland,2024,6,628.5,0.0,tagged_exposure_not_conserved_money,0.03433488118000546,0.0,3.433488118000546,0.0,unique_row_amount_times_tagged_share_not_observed_sdg_money
finland,2024,7,1082.5,0.0,tagged_exposure_not_conserved_money,0.05913684785577711,0.0,5.913684785577711,0.0,unique_row_amount_times_tagged_share_not_observed_sdg_money
finland,2024,8,2017.0,0.0,tagged_exposure_not_conserved_money,0.11018847309478284,0.0,11.018847309478284,0.0,unique_row_amount_times_tagged_share_not_observed_sdg_money
finland,2024,9,573.5,0.0,tagged_exposure_not_conserved_money,0.03133023763998907,0.0,3.1330237639989074,0.0,unique_row_amount_times_tagged_share_not_observed_sdg_money
finland,2024,10,836.0,0.0,tagged_exposure_not_conserved_money,0.045670581808249115,0.0,4.567058180824912,0.0,unique_row_amount_times_tagged_share_not_observed_sdg_money
finland,2024,11,280.0,0.0,tagged_exposure_not_conserved_money,0.015296367112810707,0.0,1.5296367112810707,0.0,unique_row_amount_times_tagged_share_not_observed_sdg_money
finland,2024,12,1646.5,0.0,tagged_exposure_not_conserved_money,0.08994810161158154,0.0,8.994810161158155,0.0,unique_row_amount_times_tagged_share_not_observed_sdg_money
finland,2024,13,4775.0,0.0,tagged_exposure_not_conserved_money,0.2608576891559683,0.0,26.08576891559683,0.0,unique_row_amount_times_tagged_share_not_observed_sdg_money
finland,2024,14,681.0,0.0,tagged_exposure_not_conserved_money,0.03720295001365747,0.0,3.7202950013657468,0.0,unique_row_amount_times_tagged_share_not_observed_sdg_money
finland,2024,15,1292.5,0.0,tagged_exposure_not_conserved_money,0.07060912319038513,0.0,7.060912319038513,0.0,unique_row_amount_times_tagged_share_not_observed_sdg_money
finland,2024,16,1944.0,0.0,tagged_exposure_not_conserved_money,0.10620049166894291,0.0,10.62004916689429,0.0,unique_row_amount_times_tagged_share_not_observed_sdg_money
finland,2024,17,247.5,0.0,tagged_exposure_not_conserved_money,0.01352089593007375,0.0,1.352089593007375,0.0,unique_row_amount_times_tagged_share_not_observed_sdg_money
ukraine,2019,1,0.0,0.0,tagged_exposure_not_conserved_money,0.0,,,0.0,unique_row_amount_times_tagged_share_not_observed_sdg_money
ukraine,2019,2,16.0,0.0,tagged_exposure_not_conserved_money,0.00574176415703725,,,0.0,unique_row_amount_times_tagged_share_not_observed_sdg_money
ukraine,2019,3,136.0,0.0,tagged_exposure_not_conserved_money,0.04880499533481662,,,0.0,unique_row_amount_times_tagged_share_not_observed_sdg_money
ukraine,2019,4,123.5,0.0,tagged_exposure_not_conserved_money,0.04431924208713127,,,0.0,unique_row_amount_times_tagged_share_not_observed_sdg_money
ukraine,2019,5,43.5,0.0,tagged_exposure_not_conserved_money,0.015610421301945024,,,0.0,unique_row_amount_times_tagged_share_not_observed_sdg_money
ukraine,2019,6,0.0,0.0,tagged_exposure_not_conserved_money,0.0,,,0.0,unique_row_amount_times_tagged_share_not_observed_sdg_money
ukraine,2019,7,83.5,0.0,tagged_exposure_not_conserved_money,0.029964831694538147,,,0.0,unique_row_amount_times_tagged_share_not_observed_sdg_money
ukraine,2019,8,690.4,0.0,tagged_exposure_not_conserved_money,0.24775712337615732,,,0.0,unique_row_amount_times_tagged_share_not_observed_sdg_money
ukraine,2019,9,353.2,0.0,tagged_exposure_not_conserved_money,0.12674944376659728,,,0.0,unique_row_amount_times_tagged_share_not_observed_sdg_money
ukraine,2019,10,59.0,0.0,tagged_exposure_not_conserved_money,0.02117275532907486,,,0.0,unique_row_amount_times_tagged_share_not_observed_sdg_money
ukraine,2019,11,0.0,0.0,tagged_exposure_not_conserved_money,0.0,,,0.0,unique_row_amount_times_tagged_share_not_observed_sdg_money
ukraine,2019,12,64.0,0.0,tagged_exposure_not_conserved_money,0.022967056628149,,,0.0,unique_row_amount_times_tagged_share_not_observed_sdg_money
ukraine,2019,13,98.5,0.0,tagged_exposure_not_conserved_money,0.03534773559176057,,,0.0,unique_row_amount_times_tagged_share_not_observed_sdg_money
ukraine,2019,14,0.0,0.0,tagged_exposure_not_conserved_money,0.0,,,0.0,unique_row_amount_times_tagged_share_not_observed_sdg_money
ukraine,2019,15,8.0,0.0,tagged_exposure_not_conserved_money,0.002870882078518625,,,0.0,unique_row_amount_times_tagged_share_not_observed_sdg_money
ukraine,2019,16,1000.5,0.0,tagged_exposure_not_conserved_money,0.3590396899447355,,,0.0,unique_row_amount_times_tagged_share_not_observed_sdg_money
ukraine,2019,17,110.5,0.0,tagged_exposure_not_conserved_money,0.03965405870953851,,,0.0,unique_row_amount_times_tagged_share_not_observed_sdg_money
ukraine,2020,1,6.0,0.0,tagged_exposure_not_conserved_money,0.0024322023592362883,,,0.0,unique_row_amount_times_tagged_share_not_observed_sdg_money
ukraine,2020,2,27.0,0.0,tagged_exposure_not_conserved_money,0.010944910616563297,,,0.0,unique_row_amount_times_tagged_share_not_observed_sdg_money
ukraine,2020,3,184.0,0.0,tagged_exposure_not_conserved_money,0.07458753901657951,,,0.0,unique_row_amount_times_tagged_share_not_observed_sdg_money
ukraine,2020,4,78.0,0.0,tagged_exposure_not_conserved_money,0.03161863067007175,,,0.0,unique_row_amount_times_tagged_share_not_observed_sdg_money
ukraine,2020,5,26.0,0.0,tagged_exposure_not_conserved_money,0.010539543556690583,,,0.0,unique_row_amount_times_tagged_share_not_observed_sdg_money
ukraine,2020,6,0.0,0.0,tagged_exposure_not_conserved_money,0.0,,,0.0,unique_row_amount_times_tagged_share_not_observed_sdg_money
ukraine,2020,7,64.0,0.0,tagged_exposure_not_conserved_money,0.02594349183185374,,,0.0,unique_row_amount_times_tagged_share_not_observed_sdg_money
ukraine,2020,8,621.0,0.0,tagged_exposure_not_conserved_money,0.2517329441809558,,,0.0,unique_row_amount_times_tagged_share_not_observed_sdg_money
ukraine,2020,9,322.5,0.0,tagged_exposure_not_conserved_money,0.1307308768089505,,,0.0,unique_row_amount_times_tagged_share_not_observed_sdg_money
ukraine,2020,10,20.0,0.0,tagged_exposure_not_conserved_money,0.008107341197454295,,,0.0,unique_row_amount_times_tagged_share_not_observed_sdg_money
ukraine,2020,11,0.0,0.0,tagged_exposure_not_conserved_money,0.0,,,0.0,unique_row_amount_times_tagged_share_not_observed_sdg_money
ukraine,2020,12,64.0,0.0,tagged_exposure_not_conserved_money,0.02594349183185374,,,0.0,unique_row_amount_times_tagged_share_not_observed_sdg_money
ukraine,2020,13,123.0,0.0,tagged_exposure_not_conserved_money,0.04986014836434391,,,0.0,unique_row_amount_times_tagged_share_not_observed_sdg_money
ukraine,2020,14,0.0,0.0,tagged_exposure_not_conserved_money,0.0,,,0.0,unique_row_amount_times_tagged_share_not_observed_sdg_money
ukraine,2020,15,0.0,0.0,tagged_exposure_not_conserved_money,0.0,,,0.0,unique_row_amount_times_tagged_share_not_observed_sdg_money
ukraine,2020,16,868.4,0.0,tagged_exposure_not_conserved_money,0.35202075479346545,,,0.0,unique_row_amount_times_tagged_share_not_observed_sdg_money
ukraine,2020,17,63.0,0.0,tagged_exposure_not_conserved_money,0.025538124771981027,,,0.0,unique_row_amount_times_tagged_share_not_observed_sdg_money
ukraine,2021,1,101.5,0.0,tagged_exposure_not_conserved_money,0.03004736530491415,,,0.0,unique_row_amount_times_tagged_share_not_observed_sdg_money
ukraine,2021,2,63.0,0.0,tagged_exposure_not_conserved_money,0.018650088809946713,,,0.0,unique_row_amount_times_tagged_share_not_observed_sdg_money
ukraine,2021,3,129.0,0.0,tagged_exposure_not_conserved_money,0.03818827708703375,,,0.0,unique_row_amount_times_tagged_share_not_observed_sdg_money
ukraine,2021,4,117.0,0.0,tagged_exposure_not_conserved_money,0.03463587921847247,,,0.0,unique_row_amount_times_tagged_share_not_observed_sdg_money
ukraine,2021,5,53.5,0.0,tagged_exposure_not_conserved_money,0.015837773830669036,,,0.0,unique_row_amount_times_tagged_share_not_observed_sdg_money
ukraine,2021,6,0.0,0.0,tagged_exposure_not_conserved_money,0.0,,,0.0,unique_row_amount_times_tagged_share_not_observed_sdg_money
ukraine,2021,7,107.0,0.0,tagged_exposure_not_conserved_money,0.03167554766133807,,,0.0,unique_row_amount_times_tagged_share_not_observed_sdg_money
ukraine,2021,8,651.0,0.0,tagged_exposure_not_conserved_money,0.19271758436944939,,,0.0,unique_row_amount_times_tagged_share_not_observed_sdg_money
ukraine,2021,9,575.0,0.0,tagged_exposure_not_conserved_money,0.17021906453522795,,,0.0,unique_row_amount_times_tagged_share_not_observed_sdg_money
ukraine,2021,10,56.0,0.0,tagged_exposure_not_conserved_money,0.016577856719952634,,,0.0,unique_row_amount_times_tagged_share_not_observed_sdg_money
ukraine,2021,11,15.0,0.0,tagged_exposure_not_conserved_money,0.004440497335701598,,,0.0,unique_row_amount_times_tagged_share_not_observed_sdg_money
ukraine,2021,12,109.0,0.0,tagged_exposure_not_conserved_money,0.03226761397276495,,,0.0,unique_row_amount_times_tagged_share_not_observed_sdg_money
ukraine,2021,13,155.0,0.0,tagged_exposure_not_conserved_money,0.04588513913558318,,,0.0,unique_row_amount_times_tagged_share_not_observed_sdg_money
ukraine,2021,14,0.0,0.0,tagged_exposure_not_conserved_money,0.0,,,0.0,unique_row_amount_times_tagged_share_not_observed_sdg_money
ukraine,2021,15,8.0,0.0,tagged_exposure_not_conserved_money,0.002368265245707519,,,0.0,unique_row_amount_times_tagged_share_not_observed_sdg_money
ukraine,2021,16,1058.0,0.0,tagged_exposure_not_conserved_money,0.3132030787448194,,,0.0,unique_row_amount_times_tagged_share_not_observed_sdg_money
ukraine,2021,17,180.0,0.0,tagged_exposure_not_conserved_money,0.05328596802841918,,,0.0,unique_row_amount_times_tagged_share_not_observed_sdg_money
ukraine,2022,1,193.0,0.0,tagged_exposure_not_conserved_money,0.05511923461373697,,,0.0,unique_row_amount_times_tagged_share_not_observed_sdg_money
ukraine,2022,2,123.0,0.0,tagged_exposure_not_conserved_money,0.03512780237041268,,,0.0,unique_row_amount_times_tagged_share_not_observed_sdg_money
ukraine,2022,3,210.0,0.0,tagged_exposure_not_conserved_money,0.05997429672997287,,,0.0,unique_row_amount_times_tagged_share_not_observed_sdg_money
ukraine,2022,4,134.0,0.0,tagged_exposure_not_conserved_money,0.038269313151506494,,,0.0,unique_row_amount_times_tagged_share_not_observed_sdg_money
ukraine,2022,5,23.0,0.0,tagged_exposure_not_conserved_money,0.006568613451377981,,,0.0,unique_row_amount_times_tagged_share_not_observed_sdg_money
ukraine,2022,6,0.0,0.0,tagged_exposure_not_conserved_money,0.0,,,0.0,unique_row_amount_times_tagged_share_not_observed_sdg_money
ukraine,2022,7,33.0,0.0,tagged_exposure_not_conserved_money,0.009424532343281451,,,0.0,unique_row_amount_times_tagged_share_not_observed_sdg_money
ukraine,2022,8,763.5,0.0,tagged_exposure_not_conserved_money,0.21804940739682993,,,0.0,unique_row_amount_times_tagged_share_not_observed_sdg_money
ukraine,2022,9,449.0,0.0,tagged_exposure_not_conserved_money,0.1282307582464658,,,0.0,unique_row_amount_times_tagged_share_not_observed_sdg_money
ukraine,2022,10,105.0,0.0,tagged_exposure_not_conserved_money,0.029987148364986435,,,0.0,unique_row_amount_times_tagged_share_not_observed_sdg_money
ukraine,2022,11,54.0,0.0,tagged_exposure_not_conserved_money,0.015421962016278738,,,0.0,unique_row_amount_times_tagged_share_not_observed_sdg_money
ukraine,2022,12,18.0,0.0,tagged_exposure_not_conserved_money,0.005140654005426246,,,0.0,unique_row_amount_times_tagged_share_not_observed_sdg_money
ukraine,2022,13,20.0,0.0,tagged_exposure_not_conserved_money,0.0057118377838069395,,,0.0,unique_row_amount_times_tagged_share_not_observed_sdg_money
ukraine,2022,14,0.0,0.0,tagged_exposure_not_conserved_money,0.0,,,0.0,unique_row_amount_times_tagged_share_not_observed_sdg_money
ukraine,2022,15,8.0,0.0,tagged_exposure_not_conserved_money,0.002284735113522776,,,0.0,unique_row_amount_times_tagged_share_not_observed_sdg_money
ukraine,2022,16,1204.0,0.0,tagged_exposure_not_conserved_money,0.3438526345851778,,,0.0,unique_row_amount_times_tagged_share_not_observed_sdg_money
ukraine,2022,17,164.0,0.0,tagged_exposure_not_conserved_money,0.04683706982721691,,,0.0,unique_row_amount_times_tagged_share_not_observed_sdg_money
ukraine,2023,1,181.0,781.77,tagged_exposure_not_conserved_money,0.035566909019453724,0.5,-46.44330909805463,390.885,unique_row_amount_times_tagged_share_not_observed_sdg_money
ukraine,2023,2,149.0,0.0,tagged_exposure_not_conserved_money,0.029278836706622124,0.0,2.9278836706622124,0.0,unique_row_amount_times_tagged_share_not_observed_sdg_money
ukraine,2023,3,236.5,0.0,tagged_exposure_not_conserved_money,0.04647278443702103,0.0,4.647278443702103,0.0,unique_row_amount_times_tagged_share_not_observed_sdg_money
ukraine,2023,4,139.0,781.77,tagged_exposure_not_conserved_money,0.02731381410886225,0.5,-47.26861858911378,390.885,unique_row_amount_times_tagged_share_not_observed_sdg_money
ukraine,2023,5,49.0,0.0,tagged_exposure_not_conserved_money,0.009628610729023384,0.0,0.9628610729023385,0.0,unique_row_amount_times_tagged_share_not_observed_sdg_money
ukraine,2023,6,0.0,0.0,tagged_exposure_not_conserved_money,0.0,0.0,0.0,0.0,unique_row_amount_times_tagged_share_not_observed_sdg_money
ukraine,2023,7,140.0,0.0,tagged_exposure_not_conserved_money,0.027510316368638238,0.0,2.7510316368638237,0.0,unique_row_amount_times_tagged_share_not_observed_sdg_money
ukraine,2023,8,929.5,0.0,tagged_exposure_not_conserved_money,0.1826488504617803,0.0,18.26488504617803,0.0,unique_row_amount_times_tagged_share_not_observed_sdg_money
ukraine,2023,9,776.0,0.0,tagged_exposure_not_conserved_money,0.15248575358616623,0.0,15.248575358616623,0.0,unique_row_amount_times_tagged_share_not_observed_sdg_money
ukraine,2023,10,189.0,0.0,tagged_exposure_not_conserved_money,0.037138927097661624,0.0,3.7138927097661623,0.0,unique_row_amount_times_tagged_share_not_observed_sdg_money
ukraine,2023,11,118.5,0.0,tagged_exposure_not_conserved_money,0.023285517783454508,0.0,2.328551778345451,0.0,unique_row_amount_times_tagged_share_not_observed_sdg_money
ukraine,2023,12,111.0,0.0,tagged_exposure_not_conserved_money,0.021811750835134605,0.0,2.1811750835134607,0.0,unique_row_amount_times_tagged_share_not_observed_sdg_money
ukraine,2023,13,196.0,0.0,tagged_exposure_not_conserved_money,0.03851444291609354,0.0,3.851444291609354,0.0,unique_row_amount_times_tagged_share_not_observed_sdg_money
ukraine,2023,14,0.0,0.0,tagged_exposure_not_conserved_money,0.0,0.0,0.0,0.0,unique_row_amount_times_tagged_share_not_observed_sdg_money
ukraine,2023,15,6.0,0.0,tagged_exposure_not_conserved_money,0.0011790135586559245,0.0,0.11790135586559244,0.0,unique_row_amount_times_tagged_share_not_observed_sdg_money
ukraine,2023,16,1416.5,0.0,tagged_exposure_not_conserved_money,0.2783454509726862,0.0,27.83454509726862,0.0,unique_row_amount_times_tagged_share_not_observed_sdg_money
ukraine,2023,17,452.0,0.0,tagged_exposure_not_conserved_money,0.08881902141874631,0.0,8.881902141874631,0.0,unique_row_amount_times_tagged_share_not_observed_sdg_money
ukraine,2024,1,208.5,0.0,tagged_exposure_not_conserved_money,0.03743872438993734,,,0.0,unique_row_amount_times_tagged_share_not_observed_sdg_money
ukraine,2024,2,119.8,0.0,tagged_exposure_not_conserved_money,0.021511554829326103,,,0.0,unique_row_amount_times_tagged_share_not_observed_sdg_money
ukraine,2024,3,234.7,0.0,tagged_exposure_not_conserved_money,0.04214325474493186,,,0.0,unique_row_amount_times_tagged_share_not_observed_sdg_money
ukraine,2024,4,233.0,0.0,tagged_exposure_not_conserved_money,0.04183799895853908,,,0.0,unique_row_amount_times_tagged_share_not_observed_sdg_money
ukraine,2024,5,138.0,0.0,tagged_exposure_not_conserved_money,0.02477958736600169,,,0.0,unique_row_amount_times_tagged_share_not_observed_sdg_money
ukraine,2024,6,0.0,0.0,tagged_exposure_not_conserved_money,0.0,,,0.0,unique_row_amount_times_tagged_share_not_observed_sdg_money
ukraine,2024,7,318.0,0.0,tagged_exposure_not_conserved_money,0.05710078827817781,,,0.0,unique_row_amount_times_tagged_share_not_observed_sdg_money
ukraine,2024,8,1025.5,0.0,tagged_exposure_not_conserved_money,0.18414106408575895,,,0.0,unique_row_amount_times_tagged_share_not_observed_sdg_money
ukraine,2024,9,645.3,0.0,tagged_exposure_not_conserved_money,0.11587150527015137,,,0.0,unique_row_amount_times_tagged_share_not_observed_sdg_money
ukraine,2024,10,311.5,0.0,tagged_exposure_not_conserved_money,0.05593363380079367,,,0.0,unique_row_amount_times_tagged_share_not_observed_sdg_money
ukraine,2024,11,149.0,0.0,tagged_exposure_not_conserved_money,0.02675477186619023,,,0.0,unique_row_amount_times_tagged_share_not_observed_sdg_money
ukraine,2024,12,260.9,0.0,tagged_exposure_not_conserved_money,0.04684778509992638,,,0.0,unique_row_amount_times_tagged_share_not_observed_sdg_money
ukraine,2024,13,324.4,0.0,tagged_exposure_not_conserved_money,0.058249986532832955,,,0.0,unique_row_amount_times_tagged_share_not_observed_sdg_money
ukraine,2024,14,0.0,0.0,tagged_exposure_not_conserved_money,0.0,,,0.0,unique_row_amount_times_tagged_share_not_observed_sdg_money
ukraine,2024,15,13.0,0.0,tagged_exposure_not_conserved_money,0.002334308954768275,,,0.0,unique_row_amount_times_tagged_share_not_observed_sdg_money
ukraine,2024,16,1144.5,0.0,tagged_exposure_not_conserved_money,0.20550896913325314,,,0.0,unique_row_amount_times_tagged_share_not_observed_sdg_money
ukraine,2024,17,443.0,0.0,tagged_exposure_not_conserved_money,0.07954606668941122,,,0.0,unique_row_amount_times_tagged_share_not_observed_sdg_money
