country,year,banks,non_silent_banks,silent_banks,retained_mentions,financial_items,eligible_rows,eligible_unique_amount_eur,tagged_exposure_total_eur,mean_M_all,mean_AS_all,mean_AS_non_silent,pearson_AS_retained_mentions_non_silent,pearson_n,source_file_count,historical_raw_financial_items,corrected_historical_financial_items,historical_raw_eligible_unique_amount_eur,historical_raw_eligible_rows,corrected_historical_eligible_unique_amount_eur,corrected_historical_eligible_rows,strict_primary_eligible_unique_amount_eur,strict_primary_eligible_rows,canonical_banks_before_source_audit
finland,2019,4,4,0,292,4,0,0.0,0.0,36.125,0.575,0.575,-0.673570628202644,4,5,11,11,0.0,0,0.0,0,0.0,0,6
finland,2020,11,11,0,1244,40,0,0.0,0.0,38.74545454545454,0.5441711229946524,0.5441711229946524,-0.7668414586339715,11,15,40,40,1316300000.0,4,1320005000.0,4,0.0,0,12
finland,2021,9,9,0,1225,34,0,0.0,0.0,49.611111111111114,0.41633986928104577,0.41633986928104577,-0.819018695172244,9,12,34,34,26184000000.0,6,43934000.0,3,0.0,0,12
finland,2022,11,10,1,1464,38,0,0.0,0.0,44.97272727272727,0.4709090909090909,0.418,-0.6979236055349717,10,14,38,38,3081350000.0,6,2581486500.0,5,0.0,0,12
finland,2023,11,10,1,2302,56,0,0.0,0.0,48.04545454545455,0.43475935828877005,0.37823529411764706,-0.8090517093987171,10,16,56,56,30919338000.0,18,6355342260.0,9,0.0,0,11
finland,2024,11,11,0,4012,22,1,6250.0,6250.0,55.27272727272727,0.34973262032085556,0.34973262032085556,-0.7704659439580499,11,13,22,22,13821004250.0,7,4723667980.0,5,6250.0,1,11
ukraine,2019,15,14,1,687,7,0,0.0,0.0,21.32,0.7491764705882353,0.7312605042016808,-0.3819840676910111,14,16,7,7,80000000.0,1,0.0,0,0.0,0,15
ukraine,2020,14,12,2,603,5,0,0.0,0.0,19.914285714285715,0.7657142857142858,0.7266666666666667,-0.5954398317332582,12,15,9,9,174800000.0,2,174800000.0,2,0.0,0,15
ukraine,2021,15,15,0,826,10,0,0.0,0.0,28.233333333333334,0.667843137254902,0.667843137254902,-0.7208540910310413,15,16,10,10,1346943413.08,7,176358499.13,3,0.0,0,15
ukraine,2022,15,15,0,852,6,0,0.0,0.0,27.1,0.6811764705882354,0.6811764705882354,-0.8636232354542397,15,16,6,6,125545561.77,3,44770.38,1,0.0,0,15
ukraine,2023,13,13,0,1232,5,1,781.77,1563.54,32.92307692307692,0.6126696832579186,0.6126696832579186,-0.8452261763380541,13,14,5,5,72064896.0,3,71134057.76,3,781.77,1,15
ukraine,2024,13,13,0,1324,11,0,0.0,0.0,38.66153846153846,0.545158371040724,0.545158371040724,-0.8318009431187172,13,14,11,11,0.0,0,0.0,0,0.0,0,13
