country,sdg,narrative_weight,finance_eur,finance_eur_basis,narrative_share,finance_share,gap_pp,normalized_allocated_eur_for_display,display_allocation_basis
finland,1,441.0,0.0,tagged_exposure_not_conserved_money,0.009035848345271854,0.0,0.9035848345271854,0.0,unique_row_amount_times_tagged_share_not_observed_sdg_money
finland,2,113.0,0.0,tagged_exposure_not_conserved_money,0.0023153080794007246,0.0,0.23153080794007247,0.0,unique_row_amount_times_tagged_share_not_observed_sdg_money
finland,3,1834.8,0.0,tagged_exposure_not_conserved_money,0.03759404658481814,0.0,3.759404658481814,0.0,unique_row_amount_times_tagged_share_not_observed_sdg_money
finland,4,1610.0,6250.0,tagged_exposure_not_conserved_money,0.0329880177684528,2.189481476795433e-07,3.2987798820305123,3289.5723752033286,unique_row_amount_times_tagged_share_not_observed_sdg_money
finland,5,2713.0,0.0,tagged_exposure_not_conserved_money,0.055587883357647486,0.0,5.558788335764748,0.0,unique_row_amount_times_tagged_share_not_observed_sdg_money
finland,6,855.5,0.0,tagged_exposure_not_conserved_money,0.017528726211746195,0.0,1.7528726211746195,0.0,unique_row_amount_times_tagged_share_not_observed_sdg_money
finland,7,2882.5,13521129490.0,tagged_exposure_not_conserved_money,0.05906084547674857,0.4736682010193197,-41.46073555425712,7116597448.296172,unique_row_amount_times_tagged_share_not_observed_sdg_money
finland,8,5418.6,0.0,tagged_exposure_not_conserved_money,0.11102414477027227,0.0,11.102414477027226,0.0,unique_row_amount_times_tagged_share_not_observed_sdg_money
finland,9,2162.5,0.0,tagged_exposure_not_conserved_money,0.04430844001508024,0.0,4.430844001508024,0.0,unique_row_amount_times_tagged_share_not_observed_sdg_money
finland,10,1765.7,0.0,tagged_exposure_not_conserved_money,0.03617822544953858,0.0,3.6178225449538584,0.0,unique_row_amount_times_tagged_share_not_observed_sdg_money
finland,11,996.5,0.0,tagged_exposure_not_conserved_money,0.020417738947989577,0.0,2.0417738947989577,0.0,unique_row_amount_times_tagged_share_not_observed_sdg_money
finland,12,4976.0,0.0,tagged_exposure_not_conserved_money,0.10195551330175226,0.0,10.195551330175226,0.0,unique_row_amount_times_tagged_share_not_observed_sdg_money
finland,13,13228.5,15021129490.0,tagged_exposure_not_conserved_money,0.2710447161801105,0.5262157564624101,-25.517104028229966,7906094818.344971,unique_row_amount_times_tagged_share_not_observed_sdg_money
finland,14,1014.5,3300000.0,tagged_exposure_not_conserved_money,0.020786549084531283,0.00011560462197479887,2.0670944462556484,1736894.2141073574,unique_row_amount_times_tagged_share_not_observed_sdg_money
finland,15,1948.5,0.0,tagged_exposure_not_conserved_money,0.03992369728063993,0.0,3.9923697280639927,0.0,unique_row_amount_times_tagged_share_not_observed_sdg_money
finland,16,5233.0,0.0,tagged_exposure_not_conserved_money,0.10722130247348666,0.0,10.722130247348666,0.0,unique_row_amount_times_tagged_share_not_observed_sdg_money
finland,17,1612.0,6250.0,tagged_exposure_not_conserved_money,0.033028996672512995,2.189481476795433e-07,3.3028777724365312,3289.5723752033286,unique_row_amount_times_tagged_share_not_observed_sdg_money
ukraine,1,690.0,3104.64,tagged_exposure_not_conserved_money,0.029319781078967946,3.6760018914436367e-06,2.93161050770765,1552.51281387177,unique_row_amount_times_tagged_share_not_observed_sdg_money
ukraine,2,537.8,0.0,tagged_exposure_not_conserved_money,0.022852432267056463,0.0,2.285243226705646,0.0,unique_row_amount_times_tagged_share_not_observed_sdg_money
ukraine,3,1186.2,100164.87,tagged_exposure_not_conserved_money,0.05040452799401707,0.00011859869472022714,5.028592929929684,50088.655745851385,unique_row_amount_times_tagged_share_not_observed_sdg_money
ukraine,4,934.5,1634.61,tagged_exposure_not_conserved_money,0.03970918176564572,1.9354351717985606e-06,3.970724633047392,817.4065175617573,unique_row_amount_times_tagged_share_not_observed_sdg_money
ukraine,5,339.0,0.0,tagged_exposure_not_conserved_money,0.01440493592140599,0.0,1.440493592140599,0.0,unique_row_amount_times_tagged_share_not_observed_sdg_money
ukraine,6,0.0,0.0,tagged_exposure_not_conserved_money,0.0,0.0,0.0,0.0,unique_row_amount_times_tagged_share_not_observed_sdg_money
ukraine,7,763.5,422170000.0,tagged_exposure_not_conserved_money,0.03244297515042323,0.49986398375037366,-46.74210085999505,211111218.89566752,unique_row_amount_times_tagged_share_not_observed_sdg_money
ukraine,8,4869.9,62423.15,tagged_exposure_not_conserved_money,0.2069339157629942,7.391118373462619e-05,20.686000457925957,31215.45179384392,unique_row_amount_times_tagged_share_not_observed_sdg_money
ukraine,9,3234.0,0.0,tagged_exposure_not_conserved_money,0.13742053914403238,0.0,13.742053914403238,0.0,unique_row_amount_times_tagged_share_not_observed_sdg_money
ukraine,10,755.5,62423.15,tagged_exposure_not_conserved_money,0.032103035659652585,7.391118373462619e-05,3.2029124475917956,31215.45179384392,unique_row_amount_times_tagged_share_not_observed_sdg_money
ukraine,11,345.5,0.0,tagged_exposure_not_conserved_money,0.014681136757657138,0.0,1.4681136757657138,0.0,unique_row_amount_times_tagged_share_not_observed_sdg_money
ukraine,12,632.9,0.0,tagged_exposure_not_conserved_money,0.02689346296359248,0.0,2.689346296359248,0.0,unique_row_amount_times_tagged_share_not_observed_sdg_money
ukraine,13,936.9,422170000.0,tagged_exposure_not_conserved_money,0.03981116361287691,0.49986398375037366,-46.00528201374968,211111218.89566752,unique_row_amount_times_tagged_share_not_observed_sdg_money
ukraine,14,0.0,0.0,tagged_exposure_not_conserved_money,0.0,0.0,0.0,0.0,unique_row_amount_times_tagged_share_not_observed_sdg_money
ukraine,15,43.0,0.0,tagged_exposure_not_conserved_money,0.0018271747628922053,0.0,0.18271747628922053,0.0,unique_row_amount_times_tagged_share_not_observed_sdg_money
ukraine,16,6795.9,0.0,tagged_exposure_not_conserved_money,0.28877434816602643,0.0,28.877434816602644,0.0,unique_row_amount_times_tagged_share_not_observed_sdg_money
ukraine,17,1469.0,0.0,tagged_exposure_not_conserved_money,0.06242138899275929,0.0,6.242138899275929,0.0,unique_row_amount_times_tagged_share_not_observed_sdg_money
