country,year,bank,manifest,source_checkpoint,checkpoint_bank_identifier,included_in_primary,source_file_count,report_paths,report_types,source_basenames
finland,2019,Aktia Pankki,data/bank_reports/manifests/bank_reports_finland_2019.csv,evaluations/reruns/country_year_classification_20260630_211343/finland_2019/checkpoints_corrected/Finland_Aktia_Pankki_2019_c444aa324027.json,Finland_Aktia Pankki_2019,False,2,"[""../reports/Finnish banks/2019/Aktia_Annual_review_Sustainabilty+Financial_2019.pdf"", ""../reports/Finnish banks/2019/Aktia_Financial_Statements_2019.pdf""]","[""annual_report"", ""financial_statement""]","[""Aktia_Annual_review_Sustainabilty+Financial_2019.pdf"", ""Aktia_Financial_Statements_2019.pdf""]"
finland,2019,Danske Bank,data/bank_reports/manifests/bank_reports_finland_2019.csv,evaluations/reruns/country_year_classification_20260630_211343/finland_2019/checkpoints_corrected/Finland_Danske_Bank_2019_eb253047513f.json,Finland_Danske Bank_2019,True,1,"[""../reports/Finnish banks/2019/Danske Bank_Annual Report 2019.pdf""]","[""annual_report""]","[""Danske Bank_Annual Report 2019.pdf""]"
finland,2019,Evli Pankki,data/bank_reports/manifests/bank_reports_finland_2019.csv,evaluations/reruns/country_year_classification_20260630_211343/finland_2019/checkpoints_corrected/Finland_Evli_Pankki_2019_a41d6568cdf1.json,Finland_Evli Pankki_2019,True,2,"[""../reports/Finnish banks/2019/Alisa_Evil_Financial Statement_2019.pdf"", ""../reports/Finnish banks/2019/Alisa_Evli_Annual Review_2019.pdf""]","[""financial_statement"", ""annual_report""]","[""Alisa_Evil_Financial Statement_2019.pdf"", ""Alisa_Evli_Annual Review_2019.pdf""]"
finland,2019,Fellow Pankki,data/bank_reports/manifests/bank_reports_finland_2019.csv,evaluations/reruns/country_year_classification_20260630_211343/finland_2019/checkpoints_corrected/Finland_Fellow_Pankki_2019_a338b5e37837.json,Finland_Fellow Pankki_2019,False,2,"[""../reports/Finnish banks/2019/Alisa_Fellow_Annual Review_2019.pdf"", ""../reports/Finnish banks/2019/Alisa_Fellow_Financial statement_2019.pdf""]","[""annual_report"", ""financial_statement""]","[""Alisa_Fellow_Annual Review_2019.pdf"", ""Alisa_Fellow_Financial statement_2019.pdf""]"
finland,2019,Nordea Bank,data/bank_reports/manifests/bank_reports_finland_2019.csv,evaluations/reruns/country_year_classification_20260630_211343/finland_2019/checkpoints_corrected/Finland_Nordea_Bank_2019_d46b794443cd.json,Finland_Nordea Bank_2019,True,1,"[""../reports/Finnish banks/2019/Nordea_Sustainability report_2019.pdf""]","[""sustainability""]","[""Nordea_Sustainability report_2019.pdf""]"
finland,2019,Oma Säästöpankki,data/bank_reports/manifests/bank_reports_finland_2019.csv,evaluations/reruns/country_year_classification_20260630_211343/finland_2019/checkpoints_corrected/Finland_Oma_Saastopankki_2019_a0ccb5814b3a.json,Finland_Oma Säästöpankki_2019,True,1,"[""../reports/Finnish banks/2019/omasp_annual_report_2019.pdf""]","[""annual_report""]","[""omasp_annual_report_2019.pdf""]"
finland,2020,Aktia Pankki,data/bank_reports/manifests/bank_reports_finland_2020.csv,evaluations/reruns/country_year_classification_20260630_211343/finland_2020/checkpoints_corrected/Finland_Aktia_Pankki_2020_70eb21f9dfd3.json,Finland_Aktia Pankki_2020,True,1,"[""../reports/Finnish banks/2020/Aktia_Annual_review_Sustainabilty+Financial_2020.pdf""]","[""annual_report""]","[""Aktia_Annual_review_Sustainabilty+Financial_2020.pdf""]"
finland,2020,Bonum Pankki,data/bank_reports/manifests/bank_reports_finland_2020.csv,evaluations/reruns/country_year_classification_20260630_211343/finland_2020/checkpoints_corrected/Finland_Bonum_Pankki_2020_a3676084b43e.json,Finland_Bonum Pankki_2020,True,1,"[""../reports/Finnish banks/2020/PoP(Bonum) Boards of directors report_2020.pdf""]","[""board_report""]","[""PoP(Bonum) Boards of directors report_2020.pdf""]"
finland,2020,Danske Bank,data/bank_reports/manifests/bank_reports_finland_2020.csv,evaluations/reruns/country_year_classification_20260630_211343/finland_2020/checkpoints_corrected/Finland_Danske_Bank_2020_55763a821214.json,Finland_Danske Bank_2020,True,1,"[""../reports/Finnish banks/2020/Danske Bank_Annual Report 2020.pdf""]","[""annual_report""]","[""Danske Bank_Annual Report 2020.pdf""]"
finland,2020,Evli Pankki,data/bank_reports/manifests/bank_reports_finland_2020.csv,evaluations/reruns/country_year_classification_20260630_211343/finland_2020/checkpoints_corrected/Finland_Evli_Pankki_2020_38982e8cf0db.json,Finland_Evli Pankki_2020,True,2,"[""../reports/Finnish banks/2020/Alisa_Evil_Annual Review_2020.pdf"", ""../reports/Finnish banks/2020/Alisa_Evil_Financial Statement_2020.pdf""]","[""annual_report"", ""financial_statement""]","[""Alisa_Evil_Annual Review_2020.pdf"", ""Alisa_Evil_Financial Statement_2020.pdf""]"
finland,2020,Fellow Pankki,data/bank_reports/manifests/bank_reports_finland_2020.csv,evaluations/reruns/country_year_classification_20260630_211343/finland_2020/checkpoints_corrected/Finland_Fellow_Pankki_2020_567d7c0c025e.json,Finland_Fellow Pankki_2020,False,2,"[""../reports/Finnish banks/2020/Alisa_Fellow_Annual Review_2020.pdf"", ""../reports/Finnish banks/2020/Alisa_Fellow_Financial statement_2020.pdf""]","[""annual_report"", ""financial_statement""]","[""Alisa_Fellow_Annual Review_2020.pdf"", ""Alisa_Fellow_Financial statement_2020.pdf""]"
finland,2020,Nordea Bank,data/bank_reports/manifests/bank_reports_finland_2020.csv,evaluations/reruns/country_year_classification_20260630_211343/finland_2020/checkpoints_corrected/Finland_Nordea_Bank_2020_88fbd9974dee.json,Finland_Nordea Bank_2020,True,1,"[""../reports/Finnish banks/2020/Nordea_Sustainability report_2020.pdf""]","[""sustainability""]","[""Nordea_Sustainability report_2020.pdf""]"
finland,2020,OP Yrityspankki,data/bank_reports/manifests/bank_reports_finland_2020.csv,evaluations/reruns/country_year_classification_20260630_211343/finland_2020/checkpoints_corrected/Finland_OP_Yrityspankki_2020_9d64e50efca6.json,Finland_OP Yrityspankki_2020,True,2,"[""../reports/Finnish banks/2020/op_Financial Groups Report by the Board of Directors and Financial Statements 2020.pdf"", ""../reports/Finnish banks/2020/op_financial_groups_year_2020.pdf""]","[""financial_statement"", ""annual_report""]","[""op_Financial Groups Report by the Board of Directors and Financial Statements 2020.pdf"", ""op_financial_groups_year_2020.pdf""]"
finland,2020,Oma Säästöpankki,data/bank_reports/manifests/bank_reports_finland_2020.csv,evaluations/reruns/country_year_classification_20260630_211343/finland_2020/checkpoints_corrected/Finland_Oma_Saastopankki_2020_128a79983c73.json,Finland_Oma Säästöpankki_2020,True,2,"[""../reports/Finnish banks/2020/omasp-annual-report-2020.pdf"", ""../reports/Finnish banks/2020/omasp-corporate-social-responsibility-report-2020.pdf""]","[""annual_report"", ""sustainability""]","[""omasp-annual-report-2020.pdf"", ""omasp-corporate-social-responsibility-report-2020.pdf""]"
finland,2020,S-Pankki,data/bank_reports/manifests/bank_reports_finland_2020.csv,evaluations/reruns/country_year_classification_20260630_211343/finland_2020/checkpoints_corrected/Finland_S_Pankki_2020_ffaa96688f75.json,Finland_S-Pankki_2020,True,1,"[""../reports/Finnish banks/2020/S-Pankki_Annual Report 2020 EN.pdf""]","[""annual_report""]","[""S-Pankki_Annual Report 2020 EN.pdf""]"
finland,2020,Suomen Asuntohypopankki,data/bank_reports/manifests/bank_reports_finland_2020.csv,evaluations/reruns/country_year_classification_20260630_211343/finland_2020/checkpoints_corrected/Finland_Suomen_Asuntohypopankki_2020_a20aeb660a00.json,Finland_Suomen Asuntohypopankki_2020,True,1,"[""../reports/Finnish banks/2020/Suomen Asuntohypopankki Oy_annual report_2020.pdf""]","[""annual_report""]","[""Suomen Asuntohypopankki Oy_annual report_2020.pdf""]"
finland,2020,Säästöpankkien Keskuspankki,data/bank_reports/manifests/bank_reports_finland_2020.csv,evaluations/reruns/country_year_classification_20260630_211343/finland_2020/checkpoints_corrected/Finland_Saastopankkien_Keskuspankki_2020_a0a6de562338.json,Finland_Säästöpankkien Keskuspankki_2020,True,2,"[""../reports/Finnish banks/2020/Säästöpankkien Savings bank Groups Board of Directors Report and Consolidated IFRS Financial Statemens 2020.pdf"", ""../reports/Finnish banks/2020/Säästöpankkien Savings bank Sustainability_Report_2020.pdf""]","[""board_report"", ""sustainability""]","[""Säästöpankkien Savings bank Groups Board of Directors Report and Consolidated IFRS Financial Statemens 2020.pdf"", ""Säästöpankkien Savings bank Sustainability_Report_2020.pdf""]"
finland,2020,Ålandsbanken,data/bank_reports/manifests/bank_reports_finland_2020.csv,evaluations/reruns/country_year_classification_20260630_211343/finland_2020/checkpoints_corrected/Finland_Alandsbanken_2020_b55d26084dfb.json,Finland_Ålandsbanken_2020,True,1,"[""../reports/Finnish banks/2020/Ålandsbanken Abp annual and sustainability report 2020.pdf""]","[""sustainability""]","[""Ålandsbanken Abp annual and sustainability report 2020.pdf""]"
finland,2021,Aktia Pankki,data/bank_reports/manifests/bank_reports_finland_2021.csv,evaluations/reruns/country_year_classification_20260630_211343/finland_2021/checkpoints_corrected/Finland_Aktia_Pankki_2021_5e6f4faac463.json,Finland_Aktia Pankki_2021,True,2,"[""../reports/Finnish banks/2021/Aktia_Annual_review_2021.pdf"", ""../reports/Finnish banks/2021/Aktia_Financial_Statements_2021.pdf""]","[""annual_report"", ""financial_statement""]","[""Aktia_Annual_review_2021.pdf"", ""Aktia_Financial_Statements_2021.pdf""]"
finland,2021,Alisa Pankki,data/bank_reports/manifests/bank_reports_finland_2021.csv,evaluations/reruns/country_year_classification_20260630_211343/finland_2021/checkpoints_corrected/Finland_Alisa_Pankki_2021_59a44057e1a3.json,Finland_Alisa Pankki_2021,False,1,"[""../reports/Finnish banks/2021/Alisa_Annual Review_2021.pdf""]","[""annual_report""]","[""Alisa_Annual Review_2021.pdf""]"
finland,2021,Danske Bank,data/bank_reports/manifests/bank_reports_finland_2021.csv,evaluations/reruns/country_year_classification_20260630_211343/finland_2021/checkpoints_corrected/Finland_Danske_Bank_2021_1c0fdd3b9832.json,Finland_Danske Bank_2021,True,1,"[""../reports/Finnish banks/2021/Danske Bank_Annual Report 2021.pdf""]","[""annual_report""]","[""Danske Bank_Annual Report 2021.pdf""]"
finland,2021,Evli Pankki,data/bank_reports/manifests/bank_reports_finland_2021.csv,evaluations/reruns/country_year_classification_20260630_211343/finland_2021/checkpoints_corrected/Finland_Evli_Pankki_2021_56cecd7357ec.json,Finland_Evli Pankki_2021,False,2,"[""../reports/Finnish banks/2021/Alisa_Evil_Financial Statement_2021.pdf"", ""../reports/Finnish banks/2021/Alisa_Evli_Annual Review_2021.pdf""]","[""financial_statement"", ""annual_report""]","[""Alisa_Evil_Financial Statement_2021.pdf"", ""Alisa_Evli_Annual Review_2021.pdf""]"
finland,2021,Fellow Pankki,data/bank_reports/manifests/bank_reports_finland_2021.csv,evaluations/reruns/country_year_classification_20260630_211343/finland_2021/checkpoints_corrected/Finland_Fellow_Pankki_2021_ad4ef04b7142.json,Finland_Fellow Pankki_2021,False,2,"[""../reports/Finnish banks/2021/Alisa_Fellow_Financial statement_2021.pdf"", ""../reports/Finnish banks/2021/Alisa_Felow_Annual Review_2021.pdf""]","[""financial_statement"", ""annual_report""]","[""Alisa_Fellow_Financial statement_2021.pdf"", ""Alisa_Felow_Annual Review_2021.pdf""]"
finland,2021,Nordea Bank,data/bank_reports/manifests/bank_reports_finland_2021.csv,evaluations/reruns/country_year_classification_20260630_211343/finland_2021/checkpoints_corrected/Finland_Nordea_Bank_2021_cea7f28bf70b.json,Finland_Nordea Bank_2021,True,1,"[""../reports/Finnish banks/2021/Nordea_Annual report_2021.pdf""]","[""annual_report""]","[""Nordea_Annual report_2021.pdf""]"
finland,2021,OP Yrityspankki,data/bank_reports/manifests/bank_reports_finland_2021.csv,evaluations/reruns/country_year_classification_20260630_211343/finland_2021/checkpoints_corrected/Finland_OP_Yrityspankki_2021_9a3a5014c14b.json,Finland_OP Yrityspankki_2021,True,2,"[""../reports/Finnish banks/2021/op_Financial Groups Report by the Board of Directors and Financial Statements 2021.pdf"", ""../reports/Finnish banks/2021/op_financial_groups_year_2021.pdf""]","[""financial_statement"", ""annual_report""]","[""op_Financial Groups Report by the Board of Directors and Financial Statements 2021.pdf"", ""op_financial_groups_year_2021.pdf""]"
finland,2021,Oma Säästöpankki,data/bank_reports/manifests/bank_reports_finland_2021.csv,evaluations/reruns/country_year_classification_20260630_211343/finland_2021/checkpoints_corrected/Finland_Oma_Saastopankki_2021_64db404dd053.json,Finland_Oma Säästöpankki_2021,True,2,"[""../reports/Finnish banks/2021/omasp-corporate-social-responsibility-report-2021.pdf"", ""../reports/Finnish banks/2021/omasp_annual_report_2021.pdf""]","[""sustainability"", ""annual_report""]","[""omasp-corporate-social-responsibility-report-2021.pdf"", ""omasp_annual_report_2021.pdf""]"
finland,2021,S-Pankki,data/bank_reports/manifests/bank_reports_finland_2021.csv,evaluations/reruns/country_year_classification_20260630_211343/finland_2021/checkpoints_corrected/Finland_S_Pankki_2021_6bfeb6194ea5.json,Finland_S-Pankki_2021,True,1,"[""../reports/Finnish banks/2021/S-Pankki_Annual Report 2021 EN.pdf""]","[""annual_report""]","[""S-Pankki_Annual Report 2021 EN.pdf""]"
finland,2021,Suomen Asuntohypopankki,data/bank_reports/manifests/bank_reports_finland_2021.csv,evaluations/reruns/country_year_classification_20260630_211343/finland_2021/checkpoints_corrected/Finland_Suomen_Asuntohypopankki_2021_227067c160cd.json,Finland_Suomen Asuntohypopankki_2021,True,1,"[""../reports/Finnish banks/2021/Suomen Asuntohypopankki Oy_annual report_2021.pdf""]","[""annual_report""]","[""Suomen Asuntohypopankki Oy_annual report_2021.pdf""]"
finland,2021,Säästöpankkien Keskuspankki,data/bank_reports/manifests/bank_reports_finland_2021.csv,evaluations/reruns/country_year_classification_20260630_211343/finland_2021/checkpoints_corrected/Finland_Saastopankkien_Keskuspankki_2021_2fe88d2e07b5.json,Finland_Säästöpankkien Keskuspankki_2021,True,1,"[""../reports/Finnish banks/2021/Säästöpankkien Savings bank SustainabilityReport_2021.pdf""]","[""sustainability""]","[""Säästöpankkien Savings bank SustainabilityReport_2021.pdf""]"
finland,2021,Ålandsbanken,data/bank_reports/manifests/bank_reports_finland_2021.csv,evaluations/reruns/country_year_classification_20260630_211343/finland_2021/checkpoints_corrected/Finland_Alandsbanken_2021_26a32d9e4d39.json,Finland_Ålandsbanken_2021,True,1,"[""../reports/Finnish banks/2021/Ålandsbanken Abp annual and sustainability report 2021.pdf""]","[""sustainability""]","[""Ålandsbanken Abp annual and sustainability report 2021.pdf""]"
finland,2022,Aktia Pankki,data/bank_reports/manifests/bank_reports_finland_2022.csv,evaluations/reruns/country_year_classification_20260630_211343/finland_2022/checkpoints_corrected/Finland_Aktia_Pankki_2022_8c712c617c0b.json,Finland_Aktia Pankki_2022,True,2,"[""../reports/Finnish banks/2022/Aktia_Annual_review_2022.pdf"", ""../reports/Finnish banks/2022/Aktia_Financial_Statements_2022.pdf""]","[""annual_report"", ""financial_statement""]","[""Aktia_Annual_review_2022.pdf"", ""Aktia_Financial_Statements_2022.pdf""]"
finland,2022,Alisa Pankki,data/bank_reports/manifests/bank_reports_finland_2022.csv,evaluations/reruns/country_year_classification_20260630_211343/finland_2022/checkpoints_corrected/Finland_Alisa_Pankki_2022_a980255b2d3d.json,Finland_Alisa Pankki_2022,True,1,"[""../reports/Finnish banks/2022/Alisa_Annual Review_2022.pdf""]","[""annual_report""]","[""Alisa_Annual Review_2022.pdf""]"
finland,2022,Bonum Pankki,data/bank_reports/manifests/bank_reports_finland_2022.csv,evaluations/reruns/country_year_classification_20260630_211343/finland_2022/checkpoints_corrected/Finland_Bonum_Pankki_2022_ba9049333343.json,Finland_Bonum Pankki_2022,True,1,"[""../reports/Finnish banks/2022/PoP(Bonum)Group Annual report_2022.pdf""]","[""annual_report""]","[""PoP(Bonum)Group Annual report_2022.pdf""]"
finland,2022,Danske Bank,data/bank_reports/manifests/bank_reports_finland_2022.csv,evaluations/reruns/country_year_classification_20260630_211343/finland_2022/checkpoints_corrected/Finland_Danske_Bank_2022_8d7bdaa2258c.json,Finland_Danske Bank_2022,True,1,"[""../reports/Finnish banks/2022/Danske Bank_Annual Report 2022.pdf""]","[""annual_report""]","[""Danske Bank_Annual Report 2022.pdf""]"
finland,2022,Fellow Pankki,data/bank_reports/manifests/bank_reports_finland_2022.csv,evaluations/reruns/country_year_classification_20260630_211343/finland_2022/checkpoints_corrected/Finland_Fellow_Pankki_2022_0473e94ee30c.json,Finland_Fellow Pankki_2022,False,1,"[""../reports/Finnish banks/2022/Alisa_Fellow_Financial statement_2022.pdf""]","[""financial_statement""]","[""Alisa_Fellow_Financial statement_2022.pdf""]"
finland,2022,Nordea Bank,data/bank_reports/manifests/bank_reports_finland_2022.csv,evaluations/reruns/country_year_classification_20260630_211343/finland_2022/checkpoints_corrected/Finland_Nordea_Bank_2022_b7ca39cc064e.json,Finland_Nordea Bank_2022,True,1,"[""../reports/Finnish banks/2022/Nordea_Annual report_2022.pdf""]","[""annual_report""]","[""Nordea_Annual report_2022.pdf""]"
finland,2022,OP Yrityspankki,data/bank_reports/manifests/bank_reports_finland_2022.csv,evaluations/reruns/country_year_classification_20260630_211343/finland_2022/checkpoints_corrected/Finland_OP_Yrityspankki_2022_a68f6b13b6c6.json,Finland_OP Yrityspankki_2022,True,2,"[""../reports/Finnish banks/2022/op-financial-groups-year-and-sustainability-2022.pdf"", ""../reports/Finnish banks/2022/op_Financial Groups Report by the Board of Directors and Financial Statements 2022.pdf""]","[""sustainability"", ""financial_statement""]","[""op-financial-groups-year-and-sustainability-2022.pdf"", ""op_Financial Groups Report by the Board of Directors and Financial Statements 2022.pdf""]"
finland,2022,Oma Säästöpankki,data/bank_reports/manifests/bank_reports_finland_2022.csv,evaluations/reruns/country_year_classification_20260630_211343/finland_2022/checkpoints_corrected/Finland_Oma_Saastopankki_2022_a762a365031b.json,Finland_Oma Säästöpankki_2022,True,1,"[""../reports/Finnish banks/2022/omasp_annual_report_2022.pdf""]","[""annual_report""]","[""omasp_annual_report_2022.pdf""]"
finland,2022,S-Pankki,data/bank_reports/manifests/bank_reports_finland_2022.csv,evaluations/reruns/country_year_classification_20260630_211343/finland_2022/checkpoints_corrected/Finland_S_Pankki_2022_28b4e355e24f.json,Finland_S-Pankki_2022,True,1,"[""../reports/Finnish banks/2022/S-Pankki_Annual report2022 EN.pdf""]","[""annual_report""]","[""S-Pankki_Annual report2022 EN.pdf""]"
finland,2022,Suomen Asuntohypopankki,data/bank_reports/manifests/bank_reports_finland_2022.csv,evaluations/reruns/country_year_classification_20260630_211343/finland_2022/checkpoints_corrected/Finland_Suomen_Asuntohypopankki_2022_6eb62b46a69f.json,Finland_Suomen Asuntohypopankki_2022,True,1,"[""../reports/Finnish banks/2022/Suomen Asuntohypopankki Oy_annual report_2022.pdf""]","[""annual_report""]","[""Suomen Asuntohypopankki Oy_annual report_2022.pdf""]"
finland,2022,Säästöpankkien Keskuspankki,data/bank_reports/manifests/bank_reports_finland_2022.csv,evaluations/reruns/country_year_classification_20260630_211343/finland_2022/checkpoints_corrected/Finland_Saastopankkien_Keskuspankki_2022_578e2685430f.json,Finland_Säästöpankkien Keskuspankki_2022,True,2,"[""../reports/Finnish banks/2022/Säästöpankkien Savings bank Groups Board of Directors Report and Consolidated IFRS Financial Statements 2022.pdf"", ""../reports/Finnish banks/2022/Säästöpankkien Savings bank Sustainability Report 2022.pdf""]","[""financial_statement"", ""sustainability""]","[""Säästöpankkien Savings bank Groups Board of Directors Report and Consolidated IFRS Financial Statements 2022.pdf"", ""Säästöpankkien Savings bank Sustainability Report 2022.pdf""]"
finland,2022,Ålandsbanken,data/bank_reports/manifests/bank_reports_finland_2022.csv,evaluations/reruns/country_year_classification_20260630_211343/finland_2022/checkpoints_corrected/Finland_Alandsbanken_2022_6dd6ddeb1ac1.json,Finland_Ålandsbanken_2022,True,1,"[""../reports/Finnish banks/2022/Ålandsbanken Abp annual and sustainability report 2022.pdf""]","[""sustainability""]","[""Ålandsbanken Abp annual and sustainability report 2022.pdf""]"
finland,2023,Aktia Pankki,data/bank_reports/manifests/bank_reports_finland_2023.csv,evaluations/reruns/country_year_classification_20260630_211343/finland_2023/checkpoints_corrected/Finland_Aktia_Pankki_2023_114062953d15.json,Finland_Aktia Pankki_2023,True,2,"[""../reports/Finnish banks/2023/Aktia_Annual Review_2023.pdf"", ""../reports/Finnish banks/2023/Aktia_Financial_Statements_2023.pdf""]","[""annual_report"", ""financial_statement""]","[""Aktia_Annual Review_2023.pdf"", ""Aktia_Financial_Statements_2023.pdf""]"
finland,2023,Alisa Pankki,data/bank_reports/manifests/bank_reports_finland_2023.csv,evaluations/reruns/country_year_classification_20260630_211343/finland_2023/checkpoints_corrected/Finland_Alisa_Pankki_2023_45e76c165cf0.json,Finland_Alisa Pankki_2023,True,2,"[""../reports/Finnish banks/2023/Alisa_Annual Review_2023.pdf"", ""../reports/Finnish banks/2023/Alisa_Financial Statement_2023.pdf""]","[""annual_report"", ""financial_statement""]","[""Alisa_Annual Review_2023.pdf"", ""Alisa_Financial Statement_2023.pdf""]"
finland,2023,Bonum Pankki,data/bank_reports/manifests/bank_reports_finland_2023.csv,evaluations/reruns/country_year_classification_20260630_211343/finland_2023/checkpoints_corrected/Finland_Bonum_Pankki_2023_38cc1f468399.json,Finland_Bonum Pankki_2023,True,1,"[""../reports/Finnish banks/2023/PoP(Bonum)Group Financial report_2023.pdf""]","[""financial_report""]","[""PoP(Bonum)Group Financial report_2023.pdf""]"
finland,2023,Danske Bank,data/bank_reports/manifests/bank_reports_finland_2023.csv,evaluations/reruns/country_year_classification_20260630_211343/finland_2023/checkpoints_corrected/Finland_Danske_Bank_2023_906c4fa04dc6.json,Finland_Danske Bank_2023,True,1,"[""../reports/Finnish banks/2023/Danske Bank_Annual Report 2023.pdf""]","[""annual_report""]","[""Danske Bank_Annual Report 2023.pdf""]"
finland,2023,Nordea Bank,data/bank_reports/manifests/bank_reports_finland_2023.csv,evaluations/reruns/country_year_classification_20260630_211343/finland_2023/checkpoints_corrected/Finland_Nordea_Bank_2023_213f8e961fff.json,Finland_Nordea Bank_2023,True,1,"[""../reports/Finnish banks/2023/Nordea_Annual report_2023.pdf""]","[""annual_report""]","[""Nordea_Annual report_2023.pdf""]"
finland,2023,OP Yrityspankki,data/bank_reports/manifests/bank_reports_finland_2023.csv,evaluations/reruns/country_year_classification_20260630_211343/finland_2023/checkpoints_corrected/Finland_OP_Yrityspankki_2023_ef7ae0564fd4.json,Finland_OP Yrityspankki_2023,True,2,"[""../reports/Finnish banks/2023/op-financial-groups-year-and-sustainability2023.pdf"", ""../reports/Finnish banks/2023/op_Financial Groups Report by the Board of Directors and Financial Statements 2023.pdf""]","[""sustainability"", ""financial_statement""]","[""op-financial-groups-year-and-sustainability2023.pdf"", ""op_Financial Groups Report by the Board of Directors and Financial Statements 2023.pdf""]"
finland,2023,Oma Säästöpankki,data/bank_reports/manifests/bank_reports_finland_2023.csv,evaluations/reruns/country_year_classification_20260630_211343/finland_2023/checkpoints_corrected/Finland_Oma_Saastopankki_2023_10f19bccf497.json,Finland_Oma Säästöpankki_2023,True,2,"[""../reports/Finnish banks/2023/omasp-annual-report-2023.pdf"", ""../reports/Finnish banks/2023/omasp_sustainability_report_2023.pdf""]","[""annual_report"", ""sustainability""]","[""omasp-annual-report-2023.pdf"", ""omasp_sustainability_report_2023.pdf""]"
finland,2023,S-Pankki,data/bank_reports/manifests/bank_reports_finland_2023.csv,evaluations/reruns/country_year_classification_20260630_211343/finland_2023/checkpoints_corrected/Finland_S_Pankki_2023_16bb167577d4.json,Finland_S-Pankki_2023,True,1,"[""../reports/Finnish banks/2023/S-Pankki_ Annual Report 2023.pdf""]","[""annual_report""]","[""S-Pankki_ Annual Report 2023.pdf""]"
finland,2023,Suomen Asuntohypopankki,data/bank_reports/manifests/bank_reports_finland_2023.csv,evaluations/reruns/country_year_classification_20260630_211343/finland_2023/checkpoints_corrected/Finland_Suomen_Asuntohypopankki_2023_5ffe98a36bea.json,Finland_Suomen Asuntohypopankki_2023,True,1,"[""../reports/Finnish banks/2023/Suomen Asuntohypopankki Oy_annual report_2023.pdf""]","[""annual_report""]","[""Suomen Asuntohypopankki Oy_annual report_2023.pdf""]"
finland,2023,Säästöpankkien Keskuspankki,data/bank_reports/manifests/bank_reports_finland_2023.csv,evaluations/reruns/country_year_classification_20260630_211343/finland_2023/checkpoints_corrected/Finland_Saastopankkien_Keskuspankki_2023_7a92af68e355.json,Finland_Säästöpankkien Keskuspankki_2023,True,2,"[""../reports/Finnish banks/2023/Säästöpankkien Savings bank Groups Board of Directors Report and Consolidated IFRS Financial Statements 2023.pdf"", ""../reports/Finnish banks/2023/Säästöpankkien Savings bank Sustainability-Report-2023.pdf""]","[""financial_statement"", ""sustainability""]","[""Säästöpankkien Savings bank Groups Board of Directors Report and Consolidated IFRS Financial Statements 2023.pdf"", ""Säästöpankkien Savings bank Sustainability-Report-2023.pdf""]"
finland,2023,Ålandsbanken,data/bank_reports/manifests/bank_reports_finland_2023.csv,evaluations/reruns/country_year_classification_20260630_211343/finland_2023/checkpoints_corrected/Finland_Alandsbanken_2023_3c91f681aeee.json,Finland_Ålandsbanken_2023,True,1,"[""../reports/Finnish banks/2023/Ålandsbanken Abp annual and sustainability report 2023.pdf""]","[""sustainability""]","[""Ålandsbanken Abp annual and sustainability report 2023.pdf""]"
finland,2024,Aktia Pankki,data/bank_reports/manifests/bank_reports_finland_2024.csv,evaluations/reruns/country_year_classification_20260630_211343/finland_2024/checkpoints_corrected/Finland_Aktia_Pankki_2024_45cc7d5cb88f.json,Finland_Aktia Pankki_2024,True,2,"[""../reports/Finnish banks/2024/Aktia_Annual Review_2024.pdf"", ""../reports/Finnish banks/2024/Aktia_Financial_Statements_2024.pdf""]","[""annual_report"", ""financial_statement""]","[""Aktia_Annual Review_2024.pdf"", ""Aktia_Financial_Statements_2024.pdf""]"
finland,2024,Alisa Pankki,data/bank_reports/manifests/bank_reports_finland_2024.csv,evaluations/reruns/country_year_classification_20260630_211343/finland_2024/checkpoints_corrected/Finland_Alisa_Pankki_2024_dcb84f716d33.json,Finland_Alisa Pankki_2024,True,2,"[""../reports/Finnish banks/2024/Alisa_Annual Review_2024.pdf"", ""../reports/Finnish banks/2024/Alisa_Financial Statement_2024.pdf""]","[""annual_report"", ""financial_statement""]","[""Alisa_Annual Review_2024.pdf"", ""Alisa_Financial Statement_2024.pdf""]"
finland,2024,Bonum Pankki,data/bank_reports/manifests/bank_reports_finland_2024.csv,evaluations/reruns/country_year_classification_20260630_211343/finland_2024/checkpoints_corrected/Finland_Bonum_Pankki_2024_69e4b2613b94.json,Finland_Bonum Pankki_2024,True,1,"[""../reports/Finnish banks/2024/PoP(Bonum) Boards of directors report_2024.pdf""]","[""board_report""]","[""PoP(Bonum) Boards of directors report_2024.pdf""]"
finland,2024,Danske Bank,data/bank_reports/manifests/bank_reports_finland_2024.csv,evaluations/reruns/country_year_classification_20260630_211343/finland_2024/checkpoints_corrected/Finland_Danske_Bank_2024_8381f710ffb6.json,Finland_Danske Bank_2024,True,1,"[""../reports/Finnish banks/2024/Danske Bank_Annual Report 2024.pdf""]","[""annual_report""]","[""Danske Bank_Annual Report 2024.pdf""]"
finland,2024,Nordea Bank,data/bank_reports/manifests/bank_reports_finland_2024.csv,evaluations/reruns/country_year_classification_20260630_211343/finland_2024/checkpoints_corrected/Finland_Nordea_Bank_2024_fc7e60246401.json,Finland_Nordea Bank_2024,True,1,"[""../reports/Finnish banks/2024/Nordea_Annual report_2024.pdf""]","[""annual_report""]","[""Nordea_Annual report_2024.pdf""]"
finland,2024,OP Yrityspankki,data/bank_reports/manifests/bank_reports_finland_2024.csv,evaluations/reruns/country_year_classification_20260630_211343/finland_2024/checkpoints_corrected/Finland_OP_Yrityspankki_2024_69dd83a089f3.json,Finland_OP Yrityspankki_2024,True,1,"[""../reports/Finnish banks/2024/op-financial-groups-annual-report-2024.pdf""]","[""annual_report""]","[""op-financial-groups-annual-report-2024.pdf""]"
finland,2024,Oma Säästöpankki,data/bank_reports/manifests/bank_reports_finland_2024.csv,evaluations/reruns/country_year_classification_20260630_211343/finland_2024/checkpoints_corrected/Finland_Oma_Saastopankki_2024_41c5cad0a3b3.json,Finland_Oma Säästöpankki_2024,True,1,"[""../reports/Finnish banks/2024/omasp_annual_report_2024.pdf""]","[""annual_report""]","[""omasp_annual_report_2024.pdf""]"
finland,2024,S-Pankki,data/bank_reports/manifests/bank_reports_finland_2024.csv,evaluations/reruns/country_year_classification_20260630_211343/finland_2024/checkpoints_corrected/Finland_S_Pankki_2024_edb1095086ca.json,Finland_S-Pankki_2024,True,1,"[""../reports/Finnish banks/2024/S-Pankki_ Annual Report 2024.pdf""]","[""annual_report""]","[""S-Pankki_ Annual Report 2024.pdf""]"
finland,2024,Suomen Asuntohypopankki,data/bank_reports/manifests/bank_reports_finland_2024.csv,evaluations/reruns/country_year_classification_20260630_211343/finland_2024/checkpoints_corrected/Finland_Suomen_Asuntohypopankki_2024_caa23cedf328.json,Finland_Suomen Asuntohypopankki_2024,True,1,"[""../reports/Finnish banks/2024/Suomen Asuntohypopankki Oy_annual report_2024.pdf""]","[""annual_report""]","[""Suomen Asuntohypopankki Oy_annual report_2024.pdf""]"
finland,2024,Säästöpankkien Keskuspankki,data/bank_reports/manifests/bank_reports_finland_2024.csv,evaluations/reruns/country_year_classification_20260630_211343/finland_2024/checkpoints_corrected/Finland_Saastopankkien_Keskuspankki_2024_abc05fa2a92e.json,Finland_Säästöpankkien Keskuspankki_2024,True,1,"[""../reports/Finnish banks/2024/Säästöpankkien Savings bank Group Board of Directors report and consolidated IFRS_2024.pdf""]","[""board_report""]","[""Säästöpankkien Savings bank Group Board of Directors report and consolidated IFRS_2024.pdf""]"
finland,2024,Ålandsbanken,data/bank_reports/manifests/bank_reports_finland_2024.csv,evaluations/reruns/country_year_classification_20260630_211343/finland_2024/checkpoints_corrected/Finland_Alandsbanken_2024_9655fef12275.json,Finland_Ålandsbanken_2024,True,1,"[""../reports/Finnish banks/2024/Ålandsbanken Abp annual and sustainability report 2024.pdf""]","[""sustainability""]","[""Ålandsbanken Abp annual and sustainability report 2024.pdf""]"
ukraine,2019,A-bank,data/bank_reports/manifests/bank_reports_ukraine_2019.csv,evaluations/reruns/country_year_classification_20260630_211343/ukraine_2019/checkpoints_corrected/Ukraine_A_bank_2019_5e556d579c8c.json,Ukraine_A-bank_2019,True,1,"[""../reports/Ukrainian banks/2019/Abank_commission report_2019.pdf""]","[""commission_report""]","[""Abank_commission report_2019.pdf""]"
ukraine,2019,Credit Agricole Bank,data/bank_reports/manifests/bank_reports_ukraine_2019.csv,evaluations/reruns/country_year_classification_20260630_211343/ukraine_2019/checkpoints_corrected/Ukraine_Credit_Agricole_Bank_2019_ac5beaa76657.json,Ukraine_Credit Agricole Bank_2019,True,1,"[""../reports/Ukrainian banks/2019/CREDIT AGRICOLE BANK_annual report 2019.pdf""]","[""annual_report""]","[""CREDIT AGRICOLE BANK_annual report 2019.pdf""]"
ukraine,2019,Credobank,data/bank_reports/manifests/bank_reports_ukraine_2019.csv,evaluations/reruns/country_year_classification_20260630_211343/ukraine_2019/checkpoints_corrected/Ukraine_Credobank_2019_3e9f9d42f532.json,Ukraine_Credobank_2019,True,1,"[""../reports/Ukrainian banks/2019/Credo_Consolidated management report 2019.pdf""]","[""management_report""]","[""Credo_Consolidated management report 2019.pdf""]"
ukraine,2019,FUIB,data/bank_reports/manifests/bank_reports_ukraine_2019.csv,evaluations/reruns/country_year_classification_20260630_211343/ukraine_2019/checkpoints_corrected/Ukraine_FUIB_2019_94567fa78d45.json,Ukraine_FUIB_2019,True,1,"[""../reports/Ukrainian banks/2019/FUMB_commision report_2019.pdf""]","[""commission_report""]","[""FUMB_commision report_2019.pdf""]"
ukraine,2019,OTP Bank,data/bank_reports/manifests/bank_reports_ukraine_2019.csv,evaluations/reruns/country_year_classification_20260630_211343/ukraine_2019/checkpoints_corrected/Ukraine_OTP_Bank_2019_5d1f8e6a47c1.json,Ukraine_OTP Bank_2019,True,1,"[""../reports/Ukrainian banks/2019/OTP_annual report_2019.pdf""]","[""annual_report""]","[""OTP_annual report_2019.pdf""]"
ukraine,2019,Oschadbank,data/bank_reports/manifests/bank_reports_ukraine_2019.csv,evaluations/reruns/country_year_classification_20260630_211343/ukraine_2019/checkpoints_corrected/Ukraine_Oschadbank_2019_6ce28375bf21.json,Ukraine_Oschadbank_2019,True,1,"[""../reports/Ukrainian banks/2019/Oshchadbank_annual report_2019.pdf""]","[""annual_report""]","[""Oshchadbank_annual report_2019.pdf""]"
ukraine,2019,Pivdenny,data/bank_reports/manifests/bank_reports_ukraine_2019.csv,evaluations/reruns/country_year_classification_20260630_211343/ukraine_2019/checkpoints_corrected/Ukraine_Pivdenny_2019_5b328d69941b.json,Ukraine_Pivdenny_2019,True,1,"[""../reports/Ukrainian banks/2019/Pivdenny_annual report_2019.pdf""]","[""annual_report""]","[""Pivdenny_annual report_2019.pdf""]"
ukraine,2019,Privatbank,data/bank_reports/manifests/bank_reports_ukraine_2019.csv,evaluations/reruns/country_year_classification_20260630_211343/ukraine_2019/checkpoints_corrected/Ukraine_Privatbank_2019_2d0336d56d5e.json,Ukraine_Privatbank_2019,True,1,"[""../reports/Ukrainian banks/2019/Privatbank_Consolidated_management report_2019.pdf""]","[""management_report""]","[""Privatbank_Consolidated_management report_2019.pdf""]"
ukraine,2019,Raiffeisen Bank JSC,data/bank_reports/manifests/bank_reports_ukraine_2019.csv,evaluations/reruns/country_year_classification_20260630_211343/ukraine_2019/checkpoints_corrected/Ukraine_Raiffeisen_Bank_JSC_2019_58cec46b3401.json,Ukraine_Raiffeisen Bank JSC_2019,True,1,"[""../reports/Ukrainian banks/2019/Raiffeisen_annual report_2019.pdf""]","[""annual_report""]","[""Raiffeisen_annual report_2019.pdf""]"
ukraine,2019,Sense Bank,data/bank_reports/manifests/bank_reports_ukraine_2019.csv,evaluations/reruns/country_year_classification_20260630_211343/ukraine_2019/checkpoints_corrected/Ukraine_Sense_Bank_2019_59ef04bb01aa.json,Ukraine_Sense Bank_2019,True,1,"[""../reports/Ukrainian banks/2019/Sense_commission report_2019.pdf""]","[""commission_report""]","[""Sense_commission report_2019.pdf""]"
ukraine,2019,Tascombank,data/bank_reports/manifests/bank_reports_ukraine_2019.csv,evaluations/reruns/country_year_classification_20260630_211343/ukraine_2019/checkpoints_corrected/Ukraine_Tascombank_2019_d5a0db1ec116.json,Ukraine_Tascombank_2019,True,1,"[""../reports/Ukrainian banks/2019/Tascombank_annual report 2019.pdf""]","[""annual_report""]","[""Tascombank_annual report 2019.pdf""]"
ukraine,2019,Ukreximbank,data/bank_reports/manifests/bank_reports_ukraine_2019.csv,evaluations/reruns/country_year_classification_20260630_211343/ukraine_2019/checkpoints_corrected/Ukraine_Ukreximbank_2019_7313e607502d.json,Ukraine_Ukreximbank_2019,True,1,"[""../reports/Ukrainian banks/2019/Ukrexim_annual reprot_2019.pdf""]","[""annual_report""]","[""Ukrexim_annual reprot_2019.pdf""]"
ukraine,2019,Ukrgazbank,data/bank_reports/manifests/bank_reports_ukraine_2019.csv,evaluations/reruns/country_year_classification_20260630_211343/ukraine_2019/checkpoints_corrected/Ukraine_Ukrgazbank_2019_c5df46b73eeb.json,Ukraine_Ukrgazbank_2019,True,1,"[""../reports/Ukrainian banks/2019/ugb_management report_2019.pdf""]","[""management_report""]","[""ugb_management report_2019.pdf""]"
ukraine,2019,Ukrsibbank,data/bank_reports/manifests/bank_reports_ukraine_2019.csv,evaluations/reruns/country_year_classification_20260630_211343/ukraine_2019/checkpoints_corrected/Ukraine_Ukrsibbank_2019_090fd457db80.json,Ukraine_Ukrsibbank_2019,True,2,"[""../reports/Ukrainian banks/2019/Ukrsibbank_Financial statement_2019.pdf"", ""../reports/Ukrainian banks/2019/Ukrsibbank_management report_2019.pdf""]","[""financial_statement"", ""management_report""]","[""Ukrsibbank_Financial statement_2019.pdf"", ""Ukrsibbank_management report_2019.pdf""]"
ukraine,2019,Universal Bank,data/bank_reports/manifests/bank_reports_ukraine_2019.csv,evaluations/reruns/country_year_classification_20260630_211343/ukraine_2019/checkpoints_corrected/Ukraine_Universal_Bank_2019_b5a57810af87.json,Ukraine_Universal Bank_2019,True,1,"[""../reports/Ukrainian banks/2019/Universal bank_management report_fin statement and audit_2019.pdf""]","[""management_report""]","[""Universal bank_management report_fin statement and audit_2019.pdf""]"
ukraine,2020,A-bank,data/bank_reports/manifests/bank_reports_ukraine_2020.csv,evaluations/reruns/country_year_classification_20260630_211343/ukraine_2020/checkpoints_corrected/Ukraine_A_bank_2020_00c877d9ebbb.json,Ukraine_A-bank_2020,True,1,"[""../reports/Ukrainian banks/2020/Abank_commission report_2020.pdf""]","[""commission_report""]","[""Abank_commission report_2020.pdf""]"
ukraine,2020,Credit Agricole Bank,data/bank_reports/manifests/bank_reports_ukraine_2020.csv,evaluations/reruns/country_year_classification_20260630_211343/ukraine_2020/checkpoints_corrected/Ukraine_Credit_Agricole_Bank_2020_07a4898211b4.json,Ukraine_Credit Agricole Bank_2020,True,1,"[""../reports/Ukrainian banks/2020/CREDIT AGRICOLE BANK_annual report 2020.pdf""]","[""annual_report""]","[""CREDIT AGRICOLE BANK_annual report 2020.pdf""]"
ukraine,2020,Credobank,data/bank_reports/manifests/bank_reports_ukraine_2020.csv,evaluations/reruns/country_year_classification_20260630_211343/ukraine_2020/checkpoints_corrected/Ukraine_Credobank_2020_0944f275d94b.json,Ukraine_Credobank_2020,True,1,"[""../reports/Ukrainian banks/2020/Credo_Consolidated management report 2020.pdf""]","[""management_report""]","[""Credo_Consolidated management report 2020.pdf""]"
ukraine,2020,FUIB,data/bank_reports/manifests/bank_reports_ukraine_2020.csv,evaluations/reruns/country_year_classification_20260630_211343/ukraine_2020/checkpoints_corrected/Ukraine_FUIB_2020_1e5da15310d8.json,Ukraine_FUIB_2020,True,1,"[""../reports/Ukrainian banks/2020/FUMB_commision report_2020.pdf""]","[""commission_report""]","[""FUMB_commision report_2020.pdf""]"
ukraine,2020,OTP Bank,data/bank_reports/manifests/bank_reports_ukraine_2020.csv,evaluations/reruns/country_year_classification_20260630_211343/ukraine_2020/checkpoints_corrected/Ukraine_OTP_Bank_2020_8aec23ace03c.json,Ukraine_OTP Bank_2020,True,1,"[""../reports/Ukrainian banks/2020/OTP_annual report_2020.pdf""]","[""annual_report""]","[""OTP_annual report_2020.pdf""]"
ukraine,2020,Oschadbank,data/bank_reports/manifests/bank_reports_ukraine_2020.csv,evaluations/reruns/country_year_classification_20260630_211343/ukraine_2020/checkpoints_corrected/Ukraine_Oschadbank_2020_78cace021442.json,Ukraine_Oschadbank_2020,False,1,"[""../reports/Ukrainian banks/2020/Oshchadbank_annual report_2020.pdf""]","[""annual_report""]","[""Oshchadbank_annual report_2020.pdf""]"
ukraine,2020,Pivdenny,data/bank_reports/manifests/bank_reports_ukraine_2020.csv,evaluations/reruns/country_year_classification_20260630_211343/ukraine_2020/checkpoints_corrected/Ukraine_Pivdenny_2020_3a30a298a02a.json,Ukraine_Pivdenny_2020,True,1,"[""../reports/Ukrainian banks/2020/Pivdenny_annual report_2020.pdf""]","[""annual_report""]","[""Pivdenny_annual report_2020.pdf""]"
ukraine,2020,Privatbank,data/bank_reports/manifests/bank_reports_ukraine_2020.csv,evaluations/reruns/country_year_classification_20260630_211343/ukraine_2020/checkpoints_corrected/Ukraine_Privatbank_2020_4fde3f72a27b.json,Ukraine_Privatbank_2020,True,1,"[""../reports/Ukrainian banks/2020/Privatbank_Consolidated_management report_2020.pdf""]","[""management_report""]","[""Privatbank_Consolidated_management report_2020.pdf""]"
ukraine,2020,Raiffeisen Bank JSC,data/bank_reports/manifests/bank_reports_ukraine_2020.csv,evaluations/reruns/country_year_classification_20260630_211343/ukraine_2020/checkpoints_corrected/Ukraine_Raiffeisen_Bank_JSC_2020_c986a084b410.json,Ukraine_Raiffeisen Bank JSC_2020,True,1,"[""../reports/Ukrainian banks/2020/Raiffeisen_annual report_2020.pdf""]","[""annual_report""]","[""Raiffeisen_annual report_2020.pdf""]"
ukraine,2020,Sense Bank,data/bank_reports/manifests/bank_reports_ukraine_2020.csv,evaluations/reruns/country_year_classification_20260630_211343/ukraine_2020/checkpoints_corrected/Ukraine_Sense_Bank_2020_0336277606fe.json,Ukraine_Sense Bank_2020,True,1,"[""../reports/Ukrainian banks/2020/Sense_commission report_2020.pdf""]","[""commission_report""]","[""Sense_commission report_2020.pdf""]"
ukraine,2020,Tascombank,data/bank_reports/manifests/bank_reports_ukraine_2020.csv,evaluations/reruns/country_year_classification_20260630_211343/ukraine_2020/checkpoints_corrected/Ukraine_Tascombank_2020_f79ae738907f.json,Ukraine_Tascombank_2020,True,1,"[""../reports/Ukrainian banks/2020/Tascombank_annual report 2020.pdf""]","[""annual_report""]","[""Tascombank_annual report 2020.pdf""]"
ukraine,2020,Ukreximbank,data/bank_reports/manifests/bank_reports_ukraine_2020.csv,evaluations/reruns/country_year_classification_20260630_211343/ukraine_2020/checkpoints_corrected/Ukraine_Ukreximbank_2020_d91b65af2fdc.json,Ukraine_Ukreximbank_2020,True,1,"[""../reports/Ukrainian banks/2020/Ukrexim_annual reprot_2020.pdf""]","[""annual_report""]","[""Ukrexim_annual reprot_2020.pdf""]"
ukraine,2020,Ukrgazbank,data/bank_reports/manifests/bank_reports_ukraine_2020.csv,evaluations/reruns/country_year_classification_20260630_211343/ukraine_2020/checkpoints_corrected/Ukraine_Ukrgazbank_2020_6602b6335bc4.json,Ukraine_Ukrgazbank_2020,True,1,"[""../reports/Ukrainian banks/2020/ugb_management report_2020.pdf""]","[""management_report""]","[""ugb_management report_2020.pdf""]"
ukraine,2020,Ukrsibbank,data/bank_reports/manifests/bank_reports_ukraine_2020.csv,evaluations/reruns/country_year_classification_20260630_211343/ukraine_2020/checkpoints_corrected/Ukraine_Ukrsibbank_2020_073a1d022e35.json,Ukraine_Ukrsibbank_2020,True,2,"[""../reports/Ukrainian banks/2020/Ukrsibbank_Financial statement_2020.pdf"", ""../reports/Ukrainian banks/2020/Ukrsibbank_management report_2020.pdf""]","[""financial_statement"", ""management_report""]","[""Ukrsibbank_Financial statement_2020.pdf"", ""Ukrsibbank_management report_2020.pdf""]"
ukraine,2020,Universal Bank,data/bank_reports/manifests/bank_reports_ukraine_2020.csv,evaluations/reruns/country_year_classification_20260630_211343/ukraine_2020/checkpoints_corrected/Ukraine_Universal_Bank_2020_559a39616cea.json,Ukraine_Universal Bank_2020,True,1,"[""../reports/Ukrainian banks/2020/Universal bank_management report_fin statement and audit_2020.pdf""]","[""management_report""]","[""Universal bank_management report_fin statement and audit_2020.pdf""]"
ukraine,2021,A-bank,data/bank_reports/manifests/bank_reports_ukraine_2021.csv,evaluations/reruns/country_year_classification_20260630_211343/ukraine_2021/checkpoints_corrected/Ukraine_A_bank_2021_9cfbf583a155.json,Ukraine_A-bank_2021,True,1,"[""../reports/Ukrainian banks/2021/Abank_commission report_2021.pdf""]","[""commission_report""]","[""Abank_commission report_2021.pdf""]"
ukraine,2021,Credit Agricole Bank,data/bank_reports/manifests/bank_reports_ukraine_2021.csv,evaluations/reruns/country_year_classification_20260630_211343/ukraine_2021/checkpoints_corrected/Ukraine_Credit_Agricole_Bank_2021_61f28bbb122a.json,Ukraine_Credit Agricole Bank_2021,True,1,"[""../reports/Ukrainian banks/2021/CREDIT AGRICOLE BANK_annual report 2021.pdf""]","[""annual_report""]","[""CREDIT AGRICOLE BANK_annual report 2021.pdf""]"
ukraine,2021,Credobank,data/bank_reports/manifests/bank_reports_ukraine_2021.csv,evaluations/reruns/country_year_classification_20260630_211343/ukraine_2021/checkpoints_corrected/Ukraine_Credobank_2021_92750cf6e52d.json,Ukraine_Credobank_2021,True,1,"[""../reports/Ukrainian banks/2021/Credo_Consolidated management report 2021.pdf""]","[""management_report""]","[""Credo_Consolidated management report 2021.pdf""]"
ukraine,2021,FUIB,data/bank_reports/manifests/bank_reports_ukraine_2021.csv,evaluations/reruns/country_year_classification_20260630_211343/ukraine_2021/checkpoints_corrected/Ukraine_FUIB_2021_8c8842965ab1.json,Ukraine_FUIB_2021,True,1,"[""../reports/Ukrainian banks/2021/FUMB_commision report_2021.pdf""]","[""commission_report""]","[""FUMB_commision report_2021.pdf""]"
ukraine,2021,OTP Bank,data/bank_reports/manifests/bank_reports_ukraine_2021.csv,evaluations/reruns/country_year_classification_20260630_211343/ukraine_2021/checkpoints_corrected/Ukraine_OTP_Bank_2021_e2037aa8fe0a.json,Ukraine_OTP Bank_2021,True,1,"[""../reports/Ukrainian banks/2021/OTP_annual report_2021.pdf""]","[""annual_report""]","[""OTP_annual report_2021.pdf""]"
ukraine,2021,Oschadbank,data/bank_reports/manifests/bank_reports_ukraine_2021.csv,evaluations/reruns/country_year_classification_20260630_211343/ukraine_2021/checkpoints_corrected/Ukraine_Oschadbank_2021_a1a5f80a126c.json,Ukraine_Oschadbank_2021,True,1,"[""../reports/Ukrainian banks/2021/Oshchadbank_annual report_2021.pdf""]","[""annual_report""]","[""Oshchadbank_annual report_2021.pdf""]"
ukraine,2021,Pivdenny,data/bank_reports/manifests/bank_reports_ukraine_2021.csv,evaluations/reruns/country_year_classification_20260630_211343/ukraine_2021/checkpoints_corrected/Ukraine_Pivdenny_2021_8070bcc3594f.json,Ukraine_Pivdenny_2021,True,1,"[""../reports/Ukrainian banks/2021/Pivdenny_annual report_2021.pdf""]","[""annual_report""]","[""Pivdenny_annual report_2021.pdf""]"
ukraine,2021,Privatbank,data/bank_reports/manifests/bank_reports_ukraine_2021.csv,evaluations/reruns/country_year_classification_20260630_211343/ukraine_2021/checkpoints_corrected/Ukraine_Privatbank_2021_3589d03984a4.json,Ukraine_Privatbank_2021,True,1,"[""../reports/Ukrainian banks/2021/Privatbank_Consolidated_management report_2021.pdf""]","[""management_report""]","[""Privatbank_Consolidated_management report_2021.pdf""]"
ukraine,2021,Raiffeisen Bank JSC,data/bank_reports/manifests/bank_reports_ukraine_2021.csv,evaluations/reruns/country_year_classification_20260630_211343/ukraine_2021/checkpoints_corrected/Ukraine_Raiffeisen_Bank_JSC_2021_769a8c75a33f.json,Ukraine_Raiffeisen Bank JSC_2021,True,1,"[""../reports/Ukrainian banks/2021/Raiffeisen_annual report_2021.pdf""]","[""annual_report""]","[""Raiffeisen_annual report_2021.pdf""]"
ukraine,2021,Sense Bank,data/bank_reports/manifests/bank_reports_ukraine_2021.csv,evaluations/reruns/country_year_classification_20260630_211343/ukraine_2021/checkpoints_corrected/Ukraine_Sense_Bank_2021_d3f60438609d.json,Ukraine_Sense Bank_2021,True,1,"[""../reports/Ukrainian banks/2021/Sense_commission report_2021.pdf""]","[""commission_report""]","[""Sense_commission report_2021.pdf""]"
ukraine,2021,Tascombank,data/bank_reports/manifests/bank_reports_ukraine_2021.csv,evaluations/reruns/country_year_classification_20260630_211343/ukraine_2021/checkpoints_corrected/Ukraine_Tascombank_2021_30df69091e1e.json,Ukraine_Tascombank_2021,True,1,"[""../reports/Ukrainian banks/2021/Tascombank_annual report 2021.pdf""]","[""annual_report""]","[""Tascombank_annual report 2021.pdf""]"
ukraine,2021,Ukreximbank,data/bank_reports/manifests/bank_reports_ukraine_2021.csv,evaluations/reruns/country_year_classification_20260630_211343/ukraine_2021/checkpoints_corrected/Ukraine_Ukreximbank_2021_f68690d4b7d8.json,Ukraine_Ukreximbank_2021,True,1,"[""../reports/Ukrainian banks/2021/Ukrexim_annual reprot_2021.pdf""]","[""annual_report""]","[""Ukrexim_annual reprot_2021.pdf""]"
ukraine,2021,Ukrgazbank,data/bank_reports/manifests/bank_reports_ukraine_2021.csv,evaluations/reruns/country_year_classification_20260630_211343/ukraine_2021/checkpoints_corrected/Ukraine_Ukrgazbank_2021_def6b26420b5.json,Ukraine_Ukrgazbank_2021,True,1,"[""../reports/Ukrainian banks/2021/ugb_managementreport_2021.pdf""]","[""management_report""]","[""ugb_managementreport_2021.pdf""]"
ukraine,2021,Ukrsibbank,data/bank_reports/manifests/bank_reports_ukraine_2021.csv,evaluations/reruns/country_year_classification_20260630_211343/ukraine_2021/checkpoints_corrected/Ukraine_Ukrsibbank_2021_dce7fa26bb7a.json,Ukraine_Ukrsibbank_2021,True,2,"[""../reports/Ukrainian banks/2021/Ukrsibbank_Financial statement_2021.pdf"", ""../reports/Ukrainian banks/2021/Ukrsibbank_management report_2021.pdf""]","[""financial_statement"", ""management_report""]","[""Ukrsibbank_Financial statement_2021.pdf"", ""Ukrsibbank_management report_2021.pdf""]"
ukraine,2021,Universal Bank,data/bank_reports/manifests/bank_reports_ukraine_2021.csv,evaluations/reruns/country_year_classification_20260630_211343/ukraine_2021/checkpoints_corrected/Ukraine_Universal_Bank_2021_9dfbccbf5cda.json,Ukraine_Universal Bank_2021,True,1,"[""../reports/Ukrainian banks/2021/Universal bank_management report_fin statement and audit_2021.pdf""]","[""management_report""]","[""Universal bank_management report_fin statement and audit_2021.pdf""]"
ukraine,2022,A-bank,data/bank_reports/manifests/bank_reports_ukraine_2022.csv,evaluations/reruns/country_year_classification_20260630_211343/ukraine_2022/checkpoints_corrected/Ukraine_A_bank_2022_f4646ec7af20.json,Ukraine_A-bank_2022,True,1,"[""../reports/Ukrainian banks/2022/Abank_commission report_2022.pdf""]","[""commission_report""]","[""Abank_commission report_2022.pdf""]"
ukraine,2022,Credit Agricole Bank,data/bank_reports/manifests/bank_reports_ukraine_2022.csv,evaluations/reruns/country_year_classification_20260630_211343/ukraine_2022/checkpoints_corrected/Ukraine_Credit_Agricole_Bank_2022_12f01592aa99.json,Ukraine_Credit Agricole Bank_2022,True,1,"[""../reports/Ukrainian banks/2022/CREDIT AGRICOLE BANK_annual report 2022.pdf""]","[""annual_report""]","[""CREDIT AGRICOLE BANK_annual report 2022.pdf""]"
ukraine,2022,Credobank,data/bank_reports/manifests/bank_reports_ukraine_2022.csv,evaluations/reruns/country_year_classification_20260630_211343/ukraine_2022/checkpoints_corrected/Ukraine_Credobank_2022_5c2177484b36.json,Ukraine_Credobank_2022,True,1,"[""../reports/Ukrainian banks/2022/Credo_Consolidated management report 2022.pdf""]","[""management_report""]","[""Credo_Consolidated management report 2022.pdf""]"
ukraine,2022,FUIB,data/bank_reports/manifests/bank_reports_ukraine_2022.csv,evaluations/reruns/country_year_classification_20260630_211343/ukraine_2022/checkpoints_corrected/Ukraine_FUIB_2022_d72a53103c68.json,Ukraine_FUIB_2022,True,1,"[""../reports/Ukrainian banks/2022/FUMB_commision report_2022.pdf""]","[""commission_report""]","[""FUMB_commision report_2022.pdf""]"
ukraine,2022,OTP Bank,data/bank_reports/manifests/bank_reports_ukraine_2022.csv,evaluations/reruns/country_year_classification_20260630_211343/ukraine_2022/checkpoints_corrected/Ukraine_OTP_Bank_2022_afdc477917bc.json,Ukraine_OTP Bank_2022,True,1,"[""../reports/Ukrainian banks/2022/OTP_annual report_2022.pdf""]","[""annual_report""]","[""OTP_annual report_2022.pdf""]"
ukraine,2022,Oschadbank,data/bank_reports/manifests/bank_reports_ukraine_2022.csv,evaluations/reruns/country_year_classification_20260630_211343/ukraine_2022/checkpoints_corrected/Ukraine_Oschadbank_2022_ace3b6f27c25.json,Ukraine_Oschadbank_2022,True,1,"[""../reports/Ukrainian banks/2022/Oshchadbank_annual report_2022.pdf""]","[""annual_report""]","[""Oshchadbank_annual report_2022.pdf""]"
ukraine,2022,Pivdenny,data/bank_reports/manifests/bank_reports_ukraine_2022.csv,evaluations/reruns/country_year_classification_20260630_211343/ukraine_2022/checkpoints_corrected/Ukraine_Pivdenny_2022_2727bcade74f.json,Ukraine_Pivdenny_2022,True,1,"[""../reports/Ukrainian banks/2022/Pivdenny_annual report_2022.pdf""]","[""annual_report""]","[""Pivdenny_annual report_2022.pdf""]"
ukraine,2022,Privatbank,data/bank_reports/manifests/bank_reports_ukraine_2022.csv,evaluations/reruns/country_year_classification_20260630_211343/ukraine_2022/checkpoints_corrected/Ukraine_Privatbank_2022_1908ee146f43.json,Ukraine_Privatbank_2022,True,1,"[""../reports/Ukrainian banks/2022/Privatbank_Consolidated_management report_2022.pdf""]","[""management_report""]","[""Privatbank_Consolidated_management report_2022.pdf""]"
ukraine,2022,Raiffeisen Bank JSC,data/bank_reports/manifests/bank_reports_ukraine_2022.csv,evaluations/reruns/country_year_classification_20260630_211343/ukraine_2022/checkpoints_corrected/Ukraine_Raiffeisen_Bank_JSC_2022_76a3259eaf0d.json,Ukraine_Raiffeisen Bank JSC_2022,True,1,"[""../reports/Ukrainian banks/2022/Raiffeisen_annual report_2022.pdf""]","[""annual_report""]","[""Raiffeisen_annual report_2022.pdf""]"
ukraine,2022,Sense Bank,data/bank_reports/manifests/bank_reports_ukraine_2022.csv,evaluations/reruns/country_year_classification_20260630_211343/ukraine_2022/checkpoints_corrected/Ukraine_Sense_Bank_2022_8bdd3d0ee1d3.json,Ukraine_Sense Bank_2022,True,1,"[""../reports/Ukrainian banks/2022/Sense_annual report_2022.pdf""]","[""annual_report""]","[""Sense_annual report_2022.pdf""]"
ukraine,2022,Tascombank,data/bank_reports/manifests/bank_reports_ukraine_2022.csv,evaluations/reruns/country_year_classification_20260630_211343/ukraine_2022/checkpoints_corrected/Ukraine_Tascombank_2022_f6add08b0448.json,Ukraine_Tascombank_2022,True,1,"[""../reports/Ukrainian banks/2022/Tascombank_annual report 2022.pdf""]","[""annual_report""]","[""Tascombank_annual report 2022.pdf""]"
ukraine,2022,Ukreximbank,data/bank_reports/manifests/bank_reports_ukraine_2022.csv,evaluations/reruns/country_year_classification_20260630_211343/ukraine_2022/checkpoints_corrected/Ukraine_Ukreximbank_2022_adeecd6d4fda.json,Ukraine_Ukreximbank_2022,True,1,"[""../reports/Ukrainian banks/2022/Ukrexim_annual reprot_2022.pdf""]","[""annual_report""]","[""Ukrexim_annual reprot_2022.pdf""]"
ukraine,2022,Ukrgazbank,data/bank_reports/manifests/bank_reports_ukraine_2022.csv,evaluations/reruns/country_year_classification_20260630_211343/ukraine_2022/checkpoints_corrected/Ukraine_Ukrgazbank_2022_08a439331c72.json,Ukraine_Ukrgazbank_2022,True,1,"[""../reports/Ukrainian banks/2022/ugb_managementreport_2022.pdf""]","[""management_report""]","[""ugb_managementreport_2022.pdf""]"
ukraine,2022,Ukrsibbank,data/bank_reports/manifests/bank_reports_ukraine_2022.csv,evaluations/reruns/country_year_classification_20260630_211343/ukraine_2022/checkpoints_corrected/Ukraine_Ukrsibbank_2022_c232147c1a1c.json,Ukraine_Ukrsibbank_2022,True,2,"[""../reports/Ukrainian banks/2022/Ukrsibbank_Financial statement_2022.pdf"", ""../reports/Ukrainian banks/2022/Ukrsibbank_management report_2022.pdf""]","[""financial_statement"", ""management_report""]","[""Ukrsibbank_Financial statement_2022.pdf"", ""Ukrsibbank_management report_2022.pdf""]"
ukraine,2022,Universal Bank,data/bank_reports/manifests/bank_reports_ukraine_2022.csv,evaluations/reruns/country_year_classification_20260630_211343/ukraine_2022/checkpoints_corrected/Ukraine_Universal_Bank_2022_010b9ec013f5.json,Ukraine_Universal Bank_2022,True,1,"[""../reports/Ukrainian banks/2022/Universal bank_management report_fin statement and audit_2022.pdf""]","[""management_report""]","[""Universal bank_management report_fin statement and audit_2022.pdf""]"
ukraine,2023,A-bank,data/bank_reports/manifests/bank_reports_ukraine_2023.csv,evaluations/reruns/country_year_classification_20260630_211343/ukraine_2023/checkpoints_corrected/Ukraine_A_bank_2023_22ab43953fd8.json,Ukraine_A-bank_2023,True,1,"[""../reports/Ukrainian banks/2023/Abank_commission report_2023.pdf""]","[""commission_report""]","[""Abank_commission report_2023.pdf""]"
ukraine,2023,Credit Agricole Bank,data/bank_reports/manifests/bank_reports_ukraine_2023.csv,evaluations/reruns/country_year_classification_20260630_211343/ukraine_2023/checkpoints_corrected/Ukraine_Credit_Agricole_Bank_2023_38edaa4912dd.json,Ukraine_Credit Agricole Bank_2023,True,1,"[""../reports/Ukrainian banks/2023/CREDIT AGRICOLE BANK_annual report 2023.pdf""]","[""annual_report""]","[""CREDIT AGRICOLE BANK_annual report 2023.pdf""]"
ukraine,2023,Credobank,data/bank_reports/manifests/bank_reports_ukraine_2023.csv,evaluations/reruns/country_year_classification_20260630_211343/ukraine_2023/checkpoints_corrected/Ukraine_Credobank_2023_52009b319004.json,Ukraine_Credobank_2023,True,1,"[""../reports/Ukrainian banks/2023/Credo_Consolidated management report 2023.pdf""]","[""management_report""]","[""Credo_Consolidated management report 2023.pdf""]"
ukraine,2023,FUIB,data/bank_reports/manifests/bank_reports_ukraine_2023.csv,evaluations/reruns/country_year_classification_20260630_211343/ukraine_2023/checkpoints_corrected/Ukraine_FUIB_2023_0edb3adc84e7.json,Ukraine_FUIB_2023,True,1,"[""../reports/Ukrainian banks/2023/FUMB_commision report_2023.pdf""]","[""commission_report""]","[""FUMB_commision report_2023.pdf""]"
ukraine,2023,OTP Bank,data/bank_reports/manifests/bank_reports_ukraine_2023.csv,evaluations/reruns/country_year_classification_20260630_211343/ukraine_2023/checkpoints_corrected/Ukraine_OTP_Bank_2023_bab70f0d7080.json,Ukraine_OTP Bank_2023,True,1,"[""../reports/Ukrainian banks/2023/OTP_annual report_2023.pdf""]","[""annual_report""]","[""OTP_annual report_2023.pdf""]"
ukraine,2023,Oschadbank,data/bank_reports/manifests/bank_reports_ukraine_2023.csv,evaluations/reruns/country_year_classification_20260630_211343/ukraine_2023/checkpoints_corrected/Ukraine_Oschadbank_2023_045843685980.json,Ukraine_Oschadbank_2023,True,1,"[""../reports/Ukrainian banks/2023/Oshchadbank_annual report_2023.pdf""]","[""annual_report""]","[""Oshchadbank_annual report_2023.pdf""]"
ukraine,2023,Pivdenny,data/bank_reports/manifests/bank_reports_ukraine_2023.csv,evaluations/reruns/country_year_classification_20260630_211343/ukraine_2023/checkpoints_corrected/Ukraine_Pivdenny_2023_de453ee2bba5.json,Ukraine_Pivdenny_2023,True,1,"[""../reports/Ukrainian banks/2023/Pivdenny_annual report_2023.pdf""]","[""annual_report""]","[""Pivdenny_annual report_2023.pdf""]"
ukraine,2023,Privatbank,data/bank_reports/manifests/bank_reports_ukraine_2023.csv,evaluations/reruns/country_year_classification_20260630_211343/ukraine_2023/checkpoints_corrected/Ukraine_Privatbank_2023_c781274e7ed9.json,Ukraine_Privatbank_2023,True,1,"[""../reports/Ukrainian banks/2023/Privatbank_Consolidated_management report_2023.pdf""]","[""management_report""]","[""Privatbank_Consolidated_management report_2023.pdf""]"
ukraine,2023,Raiffeisen Bank JSC,data/bank_reports/manifests/bank_reports_ukraine_2023.csv,evaluations/reruns/country_year_classification_20260630_211343/ukraine_2023/checkpoints_corrected/Ukraine_Raiffeisen_Bank_JSC_2023_6e2e1211e985.json,Ukraine_Raiffeisen Bank JSC_2023,False,1,"[""../reports/Ukrainian banks/2023/Raiffeisen_annual report_2023.pdf""]","[""annual_report""]","[""Raiffeisen_annual report_2023.pdf""]"
ukraine,2023,Sense Bank,data/bank_reports/manifests/bank_reports_ukraine_2023.csv,evaluations/reruns/country_year_classification_20260630_211343/ukraine_2023/checkpoints_corrected/Ukraine_Sense_Bank_2023_2beaac8df163.json,Ukraine_Sense Bank_2023,True,1,"[""../reports/Ukrainian banks/2023/Sense_annual report_2023.pdf""]","[""annual_report""]","[""Sense_annual report_2023.pdf""]"
ukraine,2023,Tascombank,data/bank_reports/manifests/bank_reports_ukraine_2023.csv,evaluations/reruns/country_year_classification_20260630_211343/ukraine_2023/checkpoints_corrected/Ukraine_Tascombank_2023_f4434c4f64c6.json,Ukraine_Tascombank_2023,True,1,"[""../reports/Ukrainian banks/2023/Tascombank_annual report 2023.pdf""]","[""annual_report""]","[""Tascombank_annual report 2023.pdf""]"
ukraine,2023,Ukreximbank,data/bank_reports/manifests/bank_reports_ukraine_2023.csv,evaluations/reruns/country_year_classification_20260630_211343/ukraine_2023/checkpoints_corrected/Ukraine_Ukreximbank_2023_d0d9f263e3a8.json,Ukraine_Ukreximbank_2023,True,1,"[""../reports/Ukrainian banks/2023/Ukrexim_annual reprot_2023.pdf""]","[""annual_report""]","[""Ukrexim_annual reprot_2023.pdf""]"
ukraine,2023,Ukrgazbank,data/bank_reports/manifests/bank_reports_ukraine_2023.csv,evaluations/reruns/country_year_classification_20260630_211343/ukraine_2023/checkpoints_corrected/Ukraine_Ukrgazbank_2023_62d06560bcdb.json,Ukraine_Ukrgazbank_2023,True,1,"[""../reports/Ukrainian banks/2023/ugb_annualreport_2023.pdf""]","[""annual_report""]","[""ugb_annualreport_2023.pdf""]"
ukraine,2023,Ukrsibbank,data/bank_reports/manifests/bank_reports_ukraine_2023.csv,evaluations/reruns/country_year_classification_20260630_211343/ukraine_2023/checkpoints_corrected/Ukraine_Ukrsibbank_2023_a246ee84a629.json,Ukraine_Ukrsibbank_2023,True,2,"[""../reports/Ukrainian banks/2023/Ukrsibbank_Financial statement_2023.pdf"", ""../reports/Ukrainian banks/2023/Ukrsibbank_management report_2023.pdf""]","[""financial_statement"", ""management_report""]","[""Ukrsibbank_Financial statement_2023.pdf"", ""Ukrsibbank_management report_2023.pdf""]"
ukraine,2023,Universal Bank,data/bank_reports/manifests/bank_reports_ukraine_2023.csv,evaluations/reruns/country_year_classification_20260630_211343/ukraine_2023/checkpoints_corrected/Ukraine_Universal_Bank_2023_eb972e2401d6.json,Ukraine_Universal Bank_2023,False,1,"[""../reports/Ukrainian banks/2023/Universal bank_management report_fin statement and audit_2023.pdf""]","[""management_report""]","[""Universal bank_management report_fin statement and audit_2023.pdf""]"
ukraine,2024,A-bank,data/bank_reports/manifests/bank_reports_ukraine_2024.csv,evaluations/reruns/country_year_classification_20260630_211343/ukraine_2024/checkpoints_corrected/Ukraine_A_bank_2024_ef994714e671.json,Ukraine_A-bank_2024,True,1,"[""../reports/Ukrainian banks/2024/Abank_commission report_2024.pdf""]","[""commission_report""]","[""Abank_commission report_2024.pdf""]"
ukraine,2024,Credit Agricole Bank,data/bank_reports/manifests/bank_reports_ukraine_2024.csv,evaluations/reruns/country_year_classification_20260630_211343/ukraine_2024/checkpoints_corrected/Ukraine_Credit_Agricole_Bank_2024_fb5a2d3629d7.json,Ukraine_Credit Agricole Bank_2024,True,1,"[""../reports/Ukrainian banks/2024/CREDIT AGRICOLE BANK_annual report 2024.pdf""]","[""annual_report""]","[""CREDIT AGRICOLE BANK_annual report 2024.pdf""]"
ukraine,2024,Credobank,data/bank_reports/manifests/bank_reports_ukraine_2024.csv,evaluations/reruns/country_year_classification_20260630_211343/ukraine_2024/checkpoints_corrected/Ukraine_Credobank_2024_54d05641be9e.json,Ukraine_Credobank_2024,True,1,"[""../reports/Ukrainian banks/2024/Credo_Consolidated management report 2024.pdf""]","[""management_report""]","[""Credo_Consolidated management report 2024.pdf""]"
ukraine,2024,FUIB,data/bank_reports/manifests/bank_reports_ukraine_2024.csv,evaluations/reruns/country_year_classification_20260630_211343/ukraine_2024/checkpoints_corrected/Ukraine_FUIB_2024_78f63cebf526.json,Ukraine_FUIB_2024,True,1,"[""../reports/Ukrainian banks/2024/FUMB_commision report_2024.pdf""]","[""commission_report""]","[""FUMB_commision report_2024.pdf""]"
ukraine,2024,OTP Bank,data/bank_reports/manifests/bank_reports_ukraine_2024.csv,evaluations/reruns/country_year_classification_20260630_211343/ukraine_2024/checkpoints_corrected/Ukraine_OTP_Bank_2024_d69a7450caf3.json,Ukraine_OTP Bank_2024,True,1,"[""../reports/Ukrainian banks/2024/OTP_annual report_2024.pdf""]","[""annual_report""]","[""OTP_annual report_2024.pdf""]"
ukraine,2024,Oschadbank,data/bank_reports/manifests/bank_reports_ukraine_2024.csv,evaluations/reruns/country_year_classification_20260630_211343/ukraine_2024/checkpoints_corrected/Ukraine_Oschadbank_2024_e83dd966f527.json,Ukraine_Oschadbank_2024,True,1,"[""../reports/Ukrainian banks/2024/Oshchadbank_annual report_2024.pdf""]","[""annual_report""]","[""Oshchadbank_annual report_2024.pdf""]"
ukraine,2024,Privatbank,data/bank_reports/manifests/bank_reports_ukraine_2024.csv,evaluations/reruns/country_year_classification_20260630_211343/ukraine_2024/checkpoints_corrected/Ukraine_Privatbank_2024_4992178b88c3.json,Ukraine_Privatbank_2024,True,1,"[""../reports/Ukrainian banks/2024/Privatbank_Consolidated_management report_2024.pdf""]","[""management_report""]","[""Privatbank_Consolidated_management report_2024.pdf""]"
ukraine,2024,Raiffeisen Bank JSC,data/bank_reports/manifests/bank_reports_ukraine_2024.csv,evaluations/reruns/country_year_classification_20260630_211343/ukraine_2024/checkpoints_corrected/Ukraine_Raiffeisen_Bank_JSC_2024_5fd57cbcbc94.json,Ukraine_Raiffeisen Bank JSC_2024,True,1,"[""../reports/Ukrainian banks/2024/Raiffeisen_annual report_2024.pdf""]","[""annual_report""]","[""Raiffeisen_annual report_2024.pdf""]"
ukraine,2024,Sense Bank,data/bank_reports/manifests/bank_reports_ukraine_2024.csv,evaluations/reruns/country_year_classification_20260630_211343/ukraine_2024/checkpoints_corrected/Ukraine_Sense_Bank_2024_33d90c40458f.json,Ukraine_Sense Bank_2024,True,1,"[""../reports/Ukrainian banks/2024/Sense_annual report_2024.pdf""]","[""annual_report""]","[""Sense_annual report_2024.pdf""]"
ukraine,2024,Tascombank,data/bank_reports/manifests/bank_reports_ukraine_2024.csv,evaluations/reruns/country_year_classification_20260630_211343/ukraine_2024/checkpoints_corrected/Ukraine_Tascombank_2024_ef6fc058532d.json,Ukraine_Tascombank_2024,True,1,"[""../reports/Ukrainian banks/2024/Tascombank_annual report 2024.pdf""]","[""annual_report""]","[""Tascombank_annual report 2024.pdf""]"
ukraine,2024,Ukreximbank,data/bank_reports/manifests/bank_reports_ukraine_2024.csv,evaluations/reruns/country_year_classification_20260630_211343/ukraine_2024/checkpoints_corrected/Ukraine_Ukreximbank_2024_65db74042185.json,Ukraine_Ukreximbank_2024,True,1,"[""../reports/Ukrainian banks/2024/Ukrexim_annual reprot_2024.pdf""]","[""annual_report""]","[""Ukrexim_annual reprot_2024.pdf""]"
ukraine,2024,Ukrgazbank,data/bank_reports/manifests/bank_reports_ukraine_2024.csv,evaluations/reruns/country_year_classification_20260630_211343/ukraine_2024/checkpoints_corrected/Ukraine_Ukrgazbank_2024_16e4f0ce2ada.json,Ukraine_Ukrgazbank_2024,True,1,"[""../reports/Ukrainian banks/2024/ugb_annualreport_2024.pdf""]","[""annual_report""]","[""ugb_annualreport_2024.pdf""]"
ukraine,2024,Ukrsibbank,data/bank_reports/manifests/bank_reports_ukraine_2024.csv,evaluations/reruns/country_year_classification_20260630_211343/ukraine_2024/checkpoints_corrected/Ukraine_Ukrsibbank_2024_4b92be1e0732.json,Ukraine_Ukrsibbank_2024,True,2,"[""../reports/Ukrainian banks/2024/Ukrsibbank_Financial statement_2024.pdf"", ""../reports/Ukrainian banks/2024/Ukrsibbank_management report_2024.pdf""]","[""financial_statement"", ""management_report""]","[""Ukrsibbank_Financial statement_2024.pdf"", ""Ukrsibbank_management report_2024.pdf""]"
