panel,country,year,bank,source_checkpoint,raw_checkpoint,source_file_count,retained_mentions,financial_items,eligible_rows,eligible_unique_amount_eur,tagged_exposure_total_eur,narrative_centrality_total,M,AS,silent,raw_financial_items,historical_raw_eligible_unique_amount_eur,historical_raw_eligible_rows,corrected_historical_eligible_unique_amount_eur,corrected_historical_eligible_rows
complete_including_both_zero,finland,2019,Danske Bank,evaluations/reruns/country_year_classification_20260630_211343/finland_2019/checkpoints_corrected/Finland_Danske_Bank_2019_eb253047513f.json,evaluations/reruns/country_year_classification_20260630_211343/finland_2019/checkpoints/Finland_Danske_Bank_2019_eb253047513f.json,1,125,3,0,0.0,0.0,36.5,36.5,0.5705882352941176,False,3,0.0,0,0.0,0
complete_including_both_zero,finland,2019,Nordea Bank,evaluations/reruns/country_year_classification_20260630_211343/finland_2019/checkpoints_corrected/Finland_Nordea_Bank_2019_d46b794443cd.json,evaluations/reruns/country_year_classification_20260630_211343/finland_2019/checkpoints/Finland_Nordea_Bank_2019_d46b794443cd.json,1,80,1,0,0.0,0.0,43.0,43.0,0.49411764705882355,False,1,0.0,0,0.0,0
complete_including_both_zero,finland,2019,Oma Säästöpankki,evaluations/reruns/country_year_classification_20260630_211343/finland_2019/checkpoints_corrected/Finland_Oma_Saastopankki_2019_a0ccb5814b3a.json,evaluations/reruns/country_year_classification_20260630_211343/finland_2019/checkpoints/Finland_Oma_Saastopankki_2019_a0ccb5814b3a.json,1,12,0,0,0.0,0.0,27.0,27.0,0.6823529411764706,False,0,0.0,0,0.0,0
complete_including_both_zero,finland,2020,Danske Bank,evaluations/reruns/country_year_classification_20260630_211343/finland_2020/checkpoints_corrected/Finland_Danske_Bank_2020_55763a821214.json,evaluations/reruns/country_year_classification_20260630_211343/finland_2020/checkpoints/Finland_Danske_Bank_2020_55763a821214.json,1,140,20,0,0.0,0.0,39.0,39.0,0.5411764705882354,False,20,1273000000.0,1,1276705000.0,1
complete_including_both_zero,finland,2020,Nordea Bank,evaluations/reruns/country_year_classification_20260630_211343/finland_2020/checkpoints_corrected/Finland_Nordea_Bank_2020_88fbd9974dee.json,evaluations/reruns/country_year_classification_20260630_211343/finland_2020/checkpoints/Finland_Nordea_Bank_2020_88fbd9974dee.json,1,132,3,0,0.0,0.0,49.5,49.5,0.41764705882352937,False,3,0.0,0,0.0,0
complete_including_both_zero,finland,2020,Oma Säästöpankki,evaluations/reruns/country_year_classification_20260630_211343/finland_2020/checkpoints_corrected/Finland_Oma_Saastopankki_2020_128a79983c73.json,evaluations/reruns/country_year_classification_20260630_211343/finland_2020/checkpoints/Finland_Oma_Saastopankki_2020_128a79983c73.json,2,109,1,0,0.0,0.0,36.0,36.0,0.5764705882352941,False,1,0.0,0,0.0,0
complete_including_both_zero,finland,2021,Danske Bank,evaluations/reruns/country_year_classification_20260630_211343/finland_2021/checkpoints_corrected/Finland_Danske_Bank_2021_1c0fdd3b9832.json,evaluations/reruns/country_year_classification_20260630_211343/finland_2021/checkpoints/Finland_Danske_Bank_2021_1c0fdd3b9832.json,1,85,8,0,0.0,0.0,35.0,35.0,0.5882352941176471,False,8,25728000000.0,1,0.0,0
complete_including_both_zero,finland,2021,Nordea Bank,evaluations/reruns/country_year_classification_20260630_211343/finland_2021/checkpoints_corrected/Finland_Nordea_Bank_2021_cea7f28bf70b.json,evaluations/reruns/country_year_classification_20260630_211343/finland_2021/checkpoints/Finland_Nordea_Bank_2021_cea7f28bf70b.json,1,229,9,0,0.0,0.0,56.5,56.5,0.33529411764705885,False,9,400000000.0,1,0.0,0
complete_including_both_zero,finland,2021,Oma Säästöpankki,evaluations/reruns/country_year_classification_20260630_211343/finland_2021/checkpoints_corrected/Finland_Oma_Saastopankki_2021_64db404dd053.json,evaluations/reruns/country_year_classification_20260630_211343/finland_2021/checkpoints/Finland_Oma_Saastopankki_2021_64db404dd053.json,2,177,0,0,0.0,0.0,69.0,69.0,0.18823529411764706,False,0,0.0,0,0.0,0
complete_including_both_zero,finland,2022,Danske Bank,evaluations/reruns/country_year_classification_20260630_211343/finland_2022/checkpoints_corrected/Finland_Danske_Bank_2022_8d7bdaa2258c.json,evaluations/reruns/country_year_classification_20260630_211343/finland_2022/checkpoints/Finland_Danske_Bank_2022_8d7bdaa2258c.json,1,118,9,0,0.0,0.0,69.0,69.0,0.18823529411764706,False,9,0.0,0,0.0,0
complete_including_both_zero,finland,2022,Nordea Bank,evaluations/reruns/country_year_classification_20260630_211343/finland_2022/checkpoints_corrected/Finland_Nordea_Bank_2022_b7ca39cc064e.json,evaluations/reruns/country_year_classification_20260630_211343/finland_2022/checkpoints/Finland_Nordea_Bank_2022_b7ca39cc064e.json,1,256,7,0,0.0,0.0,51.0,51.0,0.4,False,7,0.0,0,0.0,0
complete_including_both_zero,finland,2022,Oma Säästöpankki,evaluations/reruns/country_year_classification_20260630_211343/finland_2022/checkpoints_corrected/Finland_Oma_Saastopankki_2022_a762a365031b.json,evaluations/reruns/country_year_classification_20260630_211343/finland_2022/checkpoints/Finland_Oma_Saastopankki_2022_a762a365031b.json,1,119,0,0,0.0,0.0,43.0,43.0,0.49411764705882355,False,0,0.0,0,0.0,0
complete_including_both_zero,finland,2023,Danske Bank,evaluations/reruns/country_year_classification_20260630_211343/finland_2023/checkpoints_corrected/Finland_Danske_Bank_2023_906c4fa04dc6.json,evaluations/reruns/country_year_classification_20260630_211343/finland_2023/checkpoints/Finland_Danske_Bank_2023_906c4fa04dc6.json,1,245,14,0,0.0,0.0,50.0,50.0,0.4117647058823529,False,14,11839838000.0,3,4475842260.0,2
complete_including_both_zero,finland,2023,Nordea Bank,evaluations/reruns/country_year_classification_20260630_211343/finland_2023/checkpoints_corrected/Finland_Nordea_Bank_2023_213f8e961fff.json,evaluations/reruns/country_year_classification_20260630_211343/finland_2023/checkpoints/Finland_Nordea_Bank_2023_213f8e961fff.json,1,370,13,0,0.0,0.0,63.0,63.0,0.2588235294117647,False,13,0.0,0,0.0,0
complete_including_both_zero,finland,2023,Oma Säästöpankki,evaluations/reruns/country_year_classification_20260630_211343/finland_2023/checkpoints_corrected/Finland_Oma_Saastopankki_2023_10f19bccf497.json,evaluations/reruns/country_year_classification_20260630_211343/finland_2023/checkpoints/Finland_Oma_Saastopankki_2023_10f19bccf497.json,2,226,0,0,0.0,0.0,64.0,64.0,0.24705882352941178,False,0,0.0,0,0.0,0
complete_including_both_zero,finland,2024,Danske Bank,evaluations/reruns/country_year_classification_20260630_211343/finland_2024/checkpoints_corrected/Finland_Danske_Bank_2024_8381f710ffb6.json,evaluations/reruns/country_year_classification_20260630_211343/finland_2024/checkpoints/Finland_Danske_Bank_2024_8381f710ffb6.json,1,383,2,0,0.0,0.0,60.0,60.0,0.2941176470588235,False,2,3965998000.0,2,3968661730.0,2
complete_including_both_zero,finland,2024,Nordea Bank,evaluations/reruns/country_year_classification_20260630_211343/finland_2024/checkpoints_corrected/Finland_Nordea_Bank_2024_fc7e60246401.json,evaluations/reruns/country_year_classification_20260630_211343/finland_2024/checkpoints/Finland_Nordea_Bank_2024_fc7e60246401.json,1,697,3,0,0.0,0.0,65.5,65.5,0.22941176470588232,False,3,0.0,0,0.0,0
complete_including_both_zero,finland,2024,Oma Säästöpankki,evaluations/reruns/country_year_classification_20260630_211343/finland_2024/checkpoints_corrected/Finland_Oma_Saastopankki_2024_41c5cad0a3b3.json,evaluations/reruns/country_year_classification_20260630_211343/finland_2024/checkpoints/Finland_Oma_Saastopankki_2024_41c5cad0a3b3.json,1,300,1,1,6250.0,6250.0,59.0,56.0,0.3411764705882353,False,1,6250.0,1,6250.0,1
complete_including_both_zero,ukraine,2019,A-bank,evaluations/reruns/country_year_classification_20260630_211343/ukraine_2019/checkpoints_corrected/Ukraine_A_bank_2019_5e556d579c8c.json,evaluations/reruns/country_year_classification_20260630_211343/ukraine_2019/checkpoints/Ukraine_A_bank_2019_5e556d579c8c.json,1,58,0,0,0.0,0.0,12.0,12.0,0.8588235294117648,False,0,0.0,0,0.0,0
complete_including_both_zero,ukraine,2019,Credit Agricole Bank,evaluations/reruns/country_year_classification_20260630_211343/ukraine_2019/checkpoints_corrected/Ukraine_Credit_Agricole_Bank_2019_ac5beaa76657.json,evaluations/reruns/country_year_classification_20260630_211343/ukraine_2019/checkpoints/Ukraine_Credit_Agricole_Bank_2019_ac5beaa76657.json,1,49,0,0,0.0,0.0,36.0,36.0,0.5764705882352941,False,0,0.0,0,0.0,0
complete_including_both_zero,ukraine,2019,Credobank,evaluations/reruns/country_year_classification_20260630_211343/ukraine_2019/checkpoints_corrected/Ukraine_Credobank_2019_3e9f9d42f532.json,evaluations/reruns/country_year_classification_20260630_211343/ukraine_2019/checkpoints/Ukraine_Credobank_2019_3e9f9d42f532.json,1,38,0,0,0.0,0.0,21.0,21.0,0.7529411764705882,False,0,0.0,0,0.0,0
complete_including_both_zero,ukraine,2019,FUIB,evaluations/reruns/country_year_classification_20260630_211343/ukraine_2019/checkpoints_corrected/Ukraine_FUIB_2019_94567fa78d45.json,evaluations/reruns/country_year_classification_20260630_211343/ukraine_2019/checkpoints/Ukraine_FUIB_2019_94567fa78d45.json,1,66,0,0,0.0,0.0,24.0,24.0,0.7176470588235294,False,0,0.0,0,0.0,0
complete_including_both_zero,ukraine,2019,OTP Bank,evaluations/reruns/country_year_classification_20260630_211343/ukraine_2019/checkpoints_corrected/Ukraine_OTP_Bank_2019_5d1f8e6a47c1.json,evaluations/reruns/country_year_classification_20260630_211343/ukraine_2019/checkpoints/Ukraine_OTP_Bank_2019_5d1f8e6a47c1.json,1,0,0,0,0.0,0.0,0.0,0.0,1.0,True,0,0.0,0,0.0,0
complete_including_both_zero,ukraine,2019,Privatbank,evaluations/reruns/country_year_classification_20260630_211343/ukraine_2019/checkpoints_corrected/Ukraine_Privatbank_2019_2d0336d56d5e.json,evaluations/reruns/country_year_classification_20260630_211343/ukraine_2019/checkpoints/Ukraine_Privatbank_2019_2d0336d56d5e.json,1,21,0,0,0.0,0.0,13.5,13.5,0.8411764705882353,False,0,0.0,0,0.0,0
complete_including_both_zero,ukraine,2019,Sense Bank,evaluations/reruns/country_year_classification_20260630_211343/ukraine_2019/checkpoints_corrected/Ukraine_Sense_Bank_2019_59ef04bb01aa.json,evaluations/reruns/country_year_classification_20260630_211343/ukraine_2019/checkpoints/Ukraine_Sense_Bank_2019_59ef04bb01aa.json,1,108,0,0,0.0,0.0,25.5,25.5,0.7,False,0,0.0,0,0.0,0
complete_including_both_zero,ukraine,2019,Tascombank,evaluations/reruns/country_year_classification_20260630_211343/ukraine_2019/checkpoints_corrected/Ukraine_Tascombank_2019_d5a0db1ec116.json,evaluations/reruns/country_year_classification_20260630_211343/ukraine_2019/checkpoints/Ukraine_Tascombank_2019_d5a0db1ec116.json,1,22,0,0,0.0,0.0,18.0,18.0,0.788235294117647,False,0,0.0,0,0.0,0
complete_including_both_zero,ukraine,2019,Ukreximbank,evaluations/reruns/country_year_classification_20260630_211343/ukraine_2019/checkpoints_corrected/Ukraine_Ukreximbank_2019_7313e607502d.json,evaluations/reruns/country_year_classification_20260630_211343/ukraine_2019/checkpoints/Ukraine_Ukreximbank_2019_7313e607502d.json,1,39,1,0,0.0,0.0,17.5,17.5,0.7941176470588236,False,1,80000000.0,1,0.0,0
complete_including_both_zero,ukraine,2019,Ukrgazbank,evaluations/reruns/country_year_classification_20260630_211343/ukraine_2019/checkpoints_corrected/Ukraine_Ukrgazbank_2019_c5df46b73eeb.json,evaluations/reruns/country_year_classification_20260630_211343/ukraine_2019/checkpoints/Ukraine_Ukrgazbank_2019_c5df46b73eeb.json,1,58,1,0,0.0,0.0,44.5,44.5,0.4764705882352941,False,1,0.0,0,0.0,0
complete_including_both_zero,ukraine,2019,Ukrsibbank,evaluations/reruns/country_year_classification_20260630_211343/ukraine_2019/checkpoints_corrected/Ukraine_Ukrsibbank_2019_090fd457db80.json,evaluations/reruns/country_year_classification_20260630_211343/ukraine_2019/checkpoints/Ukraine_Ukrsibbank_2019_090fd457db80.json,2,24,0,0,0.0,0.0,17.8,17.8,0.7905882352941176,False,0,0.0,0,0.0,0
complete_including_both_zero,ukraine,2020,A-bank,evaluations/reruns/country_year_classification_20260630_211343/ukraine_2020/checkpoints_corrected/Ukraine_A_bank_2020_00c877d9ebbb.json,evaluations/reruns/country_year_classification_20260630_211343/ukraine_2020/checkpoints/Ukraine_A_bank_2020_00c877d9ebbb.json,1,34,0,0,0.0,0.0,8.0,8.0,0.9058823529411765,False,0,0.0,0,0.0,0
complete_including_both_zero,ukraine,2020,Credit Agricole Bank,evaluations/reruns/country_year_classification_20260630_211343/ukraine_2020/checkpoints_corrected/Ukraine_Credit_Agricole_Bank_2020_07a4898211b4.json,evaluations/reruns/country_year_classification_20260630_211343/ukraine_2020/checkpoints/Ukraine_Credit_Agricole_Bank_2020_07a4898211b4.json,1,68,0,0,0.0,0.0,33.0,33.0,0.611764705882353,False,0,0.0,0,0.0,0
complete_including_both_zero,ukraine,2020,Credobank,evaluations/reruns/country_year_classification_20260630_211343/ukraine_2020/checkpoints_corrected/Ukraine_Credobank_2020_0944f275d94b.json,evaluations/reruns/country_year_classification_20260630_211343/ukraine_2020/checkpoints/Ukraine_Credobank_2020_0944f275d94b.json,1,0,0,0,0.0,0.0,0.0,0.0,1.0,True,0,0.0,0,0.0,0
complete_including_both_zero,ukraine,2020,FUIB,evaluations/reruns/country_year_classification_20260630_211343/ukraine_2020/checkpoints_corrected/Ukraine_FUIB_2020_1e5da15310d8.json,evaluations/reruns/country_year_classification_20260630_211343/ukraine_2020/checkpoints/Ukraine_FUIB_2020_1e5da15310d8.json,1,77,0,0,0.0,0.0,22.5,22.5,0.7352941176470589,False,0,0.0,0,0.0,0
complete_including_both_zero,ukraine,2020,OTP Bank,evaluations/reruns/country_year_classification_20260630_211343/ukraine_2020/checkpoints_corrected/Ukraine_OTP_Bank_2020_8aec23ace03c.json,evaluations/reruns/country_year_classification_20260630_211343/ukraine_2020/checkpoints/Ukraine_OTP_Bank_2020_8aec23ace03c.json,1,0,0,0,0.0,0.0,0.0,0.0,1.0,True,0,0.0,0,0.0,0
complete_including_both_zero,ukraine,2020,Privatbank,evaluations/reruns/country_year_classification_20260630_211343/ukraine_2020/checkpoints_corrected/Ukraine_Privatbank_2020_4fde3f72a27b.json,evaluations/reruns/country_year_classification_20260630_211343/ukraine_2020/checkpoints/Ukraine_Privatbank_2020_4fde3f72a27b.json,1,35,0,0,0.0,0.0,32.0,32.0,0.6235294117647059,False,0,0.0,0,0.0,0
complete_including_both_zero,ukraine,2020,Sense Bank,evaluations/reruns/country_year_classification_20260630_211343/ukraine_2020/checkpoints_corrected/Ukraine_Sense_Bank_2020_0336277606fe.json,evaluations/reruns/country_year_classification_20260630_211343/ukraine_2020/checkpoints/Ukraine_Sense_Bank_2020_0336277606fe.json,1,41,0,0,0.0,0.0,16.5,16.5,0.8058823529411765,False,0,0.0,0,0.0,0
complete_including_both_zero,ukraine,2020,Tascombank,evaluations/reruns/country_year_classification_20260630_211343/ukraine_2020/checkpoints_corrected/Ukraine_Tascombank_2020_f79ae738907f.json,evaluations/reruns/country_year_classification_20260630_211343/ukraine_2020/checkpoints/Ukraine_Tascombank_2020_f79ae738907f.json,1,17,0,0,0.0,0.0,19.0,19.0,0.7764705882352941,False,0,0.0,0,0.0,0
complete_including_both_zero,ukraine,2020,Ukreximbank,evaluations/reruns/country_year_classification_20260630_211343/ukraine_2020/checkpoints_corrected/Ukraine_Ukreximbank_2020_d91b65af2fdc.json,evaluations/reruns/country_year_classification_20260630_211343/ukraine_2020/checkpoints/Ukraine_Ukreximbank_2020_d91b65af2fdc.json,1,72,2,0,0.0,0.0,41.0,41.0,0.5176470588235293,False,2,0.0,0,0.0,0
complete_including_both_zero,ukraine,2020,Ukrgazbank,evaluations/reruns/country_year_classification_20260630_211343/ukraine_2020/checkpoints_corrected/Ukraine_Ukrgazbank_2020_6602b6335bc4.json,evaluations/reruns/country_year_classification_20260630_211343/ukraine_2020/checkpoints/Ukraine_Ukrgazbank_2020_6602b6335bc4.json,1,95,3,0,0.0,0.0,29.0,29.0,0.6588235294117647,False,3,30000000.0,1,30000000.0,1
complete_including_both_zero,ukraine,2020,Ukrsibbank,evaluations/reruns/country_year_classification_20260630_211343/ukraine_2020/checkpoints_corrected/Ukraine_Ukrsibbank_2020_073a1d022e35.json,evaluations/reruns/country_year_classification_20260630_211343/ukraine_2020/checkpoints/Ukraine_Ukrsibbank_2020_073a1d022e35.json,2,10,0,0,0.0,0.0,14.5,14.5,0.8294117647058823,False,0,0.0,0,0.0,0
complete_including_both_zero,ukraine,2021,A-bank,evaluations/reruns/country_year_classification_20260630_211343/ukraine_2021/checkpoints_corrected/Ukraine_A_bank_2021_9cfbf583a155.json,evaluations/reruns/country_year_classification_20260630_211343/ukraine_2021/checkpoints/Ukraine_A_bank_2021_9cfbf583a155.json,1,18,0,0,0.0,0.0,11.0,11.0,0.8705882352941177,False,0,0.0,0,0.0,0
complete_including_both_zero,ukraine,2021,Credit Agricole Bank,evaluations/reruns/country_year_classification_20260630_211343/ukraine_2021/checkpoints_corrected/Ukraine_Credit_Agricole_Bank_2021_61f28bbb122a.json,evaluations/reruns/country_year_classification_20260630_211343/ukraine_2021/checkpoints/Ukraine_Credit_Agricole_Bank_2021_61f28bbb122a.json,1,50,0,0,0.0,0.0,35.0,35.0,0.5882352941176471,False,0,0.0,0,0.0,0
complete_including_both_zero,ukraine,2021,Credobank,evaluations/reruns/country_year_classification_20260630_211343/ukraine_2021/checkpoints_corrected/Ukraine_Credobank_2021_92750cf6e52d.json,evaluations/reruns/country_year_classification_20260630_211343/ukraine_2021/checkpoints/Ukraine_Credobank_2021_92750cf6e52d.json,1,49,0,0,0.0,0.0,24.5,24.5,0.711764705882353,False,0,0.0,0,0.0,0
complete_including_both_zero,ukraine,2021,FUIB,evaluations/reruns/country_year_classification_20260630_211343/ukraine_2021/checkpoints_corrected/Ukraine_FUIB_2021_8c8842965ab1.json,evaluations/reruns/country_year_classification_20260630_211343/ukraine_2021/checkpoints/Ukraine_FUIB_2021_8c8842965ab1.json,1,39,0,0,0.0,0.0,22.0,22.0,0.7411764705882353,False,0,0.0,0,0.0,0
complete_including_both_zero,ukraine,2021,OTP Bank,evaluations/reruns/country_year_classification_20260630_211343/ukraine_2021/checkpoints_corrected/Ukraine_OTP_Bank_2021_e2037aa8fe0a.json,evaluations/reruns/country_year_classification_20260630_211343/ukraine_2021/checkpoints/Ukraine_OTP_Bank_2021_e2037aa8fe0a.json,1,53,0,0,0.0,0.0,38.0,38.0,0.5529411764705883,False,0,0.0,0,0.0,0
complete_including_both_zero,ukraine,2021,Privatbank,evaluations/reruns/country_year_classification_20260630_211343/ukraine_2021/checkpoints_corrected/Ukraine_Privatbank_2021_3589d03984a4.json,evaluations/reruns/country_year_classification_20260630_211343/ukraine_2021/checkpoints/Ukraine_Privatbank_2021_3589d03984a4.json,1,26,0,0,0.0,0.0,23.0,23.0,0.7294117647058824,False,0,0.0,0,0.0,0
complete_including_both_zero,ukraine,2021,Sense Bank,evaluations/reruns/country_year_classification_20260630_211343/ukraine_2021/checkpoints_corrected/Ukraine_Sense_Bank_2021_d3f60438609d.json,evaluations/reruns/country_year_classification_20260630_211343/ukraine_2021/checkpoints/Ukraine_Sense_Bank_2021_d3f60438609d.json,1,47,2,0,0.0,0.0,28.0,28.0,0.6705882352941177,False,2,43413.08,2,58499.13,2
complete_including_both_zero,ukraine,2021,Tascombank,evaluations/reruns/country_year_classification_20260630_211343/ukraine_2021/checkpoints_corrected/Ukraine_Tascombank_2021_30df69091e1e.json,evaluations/reruns/country_year_classification_20260630_211343/ukraine_2021/checkpoints/Ukraine_Tascombank_2021_30df69091e1e.json,1,26,0,0,0.0,0.0,14.0,14.0,0.8352941176470589,False,0,0.0,0,0.0,0
complete_including_both_zero,ukraine,2021,Ukreximbank,evaluations/reruns/country_year_classification_20260630_211343/ukraine_2021/checkpoints_corrected/Ukraine_Ukreximbank_2021_f68690d4b7d8.json,evaluations/reruns/country_year_classification_20260630_211343/ukraine_2021/checkpoints/Ukraine_Ukreximbank_2021_f68690d4b7d8.json,1,63,0,0,0.0,0.0,35.5,35.5,0.5823529411764705,False,0,0.0,0,0.0,0
complete_including_both_zero,ukraine,2021,Ukrgazbank,evaluations/reruns/country_year_classification_20260630_211343/ukraine_2021/checkpoints_corrected/Ukraine_Ukrgazbank_2021_def6b26420b5.json,evaluations/reruns/country_year_classification_20260630_211343/ukraine_2021/checkpoints/Ukraine_Ukrgazbank_2021_def6b26420b5.json,1,97,4,0,0.0,0.0,39.0,39.0,0.5411764705882354,False,4,1095600000.0,3,0.0,0
complete_including_both_zero,ukraine,2021,Ukrsibbank,evaluations/reruns/country_year_classification_20260630_211343/ukraine_2021/checkpoints_corrected/Ukraine_Ukrsibbank_2021_dce7fa26bb7a.json,evaluations/reruns/country_year_classification_20260630_211343/ukraine_2021/checkpoints/Ukraine_Ukrsibbank_2021_dce7fa26bb7a.json,2,34,0,0,0.0,0.0,23.5,23.5,0.7235294117647059,False,0,0.0,0,0.0,0
complete_including_both_zero,ukraine,2022,A-bank,evaluations/reruns/country_year_classification_20260630_211343/ukraine_2022/checkpoints_corrected/Ukraine_A_bank_2022_f4646ec7af20.json,evaluations/reruns/country_year_classification_20260630_211343/ukraine_2022/checkpoints/Ukraine_A_bank_2022_f4646ec7af20.json,1,72,0,0,0.0,0.0,28.5,28.5,0.6647058823529413,False,0,0.0,0,0.0,0
complete_including_both_zero,ukraine,2022,Credit Agricole Bank,evaluations/reruns/country_year_classification_20260630_211343/ukraine_2022/checkpoints_corrected/Ukraine_Credit_Agricole_Bank_2022_12f01592aa99.json,evaluations/reruns/country_year_classification_20260630_211343/ukraine_2022/checkpoints/Ukraine_Credit_Agricole_Bank_2022_12f01592aa99.json,1,92,0,0,0.0,0.0,44.0,44.0,0.48235294117647054,False,0,0.0,0,0.0,0
complete_including_both_zero,ukraine,2022,Credobank,evaluations/reruns/country_year_classification_20260630_211343/ukraine_2022/checkpoints_corrected/Ukraine_Credobank_2022_5c2177484b36.json,evaluations/reruns/country_year_classification_20260630_211343/ukraine_2022/checkpoints/Ukraine_Credobank_2022_5c2177484b36.json,1,37,0,0,0.0,0.0,30.0,30.0,0.6470588235294117,False,0,0.0,0,0.0,0
complete_including_both_zero,ukraine,2022,FUIB,evaluations/reruns/country_year_classification_20260630_211343/ukraine_2022/checkpoints_corrected/Ukraine_FUIB_2022_d72a53103c68.json,evaluations/reruns/country_year_classification_20260630_211343/ukraine_2022/checkpoints/Ukraine_FUIB_2022_d72a53103c68.json,1,57,0,0,0.0,0.0,22.0,22.0,0.7411764705882353,False,0,0.0,0,0.0,0
complete_including_both_zero,ukraine,2022,OTP Bank,evaluations/reruns/country_year_classification_20260630_211343/ukraine_2022/checkpoints_corrected/Ukraine_OTP_Bank_2022_afdc477917bc.json,evaluations/reruns/country_year_classification_20260630_211343/ukraine_2022/checkpoints/Ukraine_OTP_Bank_2022_afdc477917bc.json,1,63,0,0,0.0,0.0,35.0,35.0,0.5882352941176471,False,0,0.0,0,0.0,0
complete_including_both_zero,ukraine,2022,Privatbank,evaluations/reruns/country_year_classification_20260630_211343/ukraine_2022/checkpoints_corrected/Ukraine_Privatbank_2022_1908ee146f43.json,evaluations/reruns/country_year_classification_20260630_211343/ukraine_2022/checkpoints/Ukraine_Privatbank_2022_1908ee146f43.json,1,42,0,0,0.0,0.0,27.0,27.0,0.6823529411764706,False,0,0.0,0,0.0,0
complete_including_both_zero,ukraine,2022,Sense Bank,evaluations/reruns/country_year_classification_20260630_211343/ukraine_2022/checkpoints_corrected/Ukraine_Sense_Bank_2022_8bdd3d0ee1d3.json,evaluations/reruns/country_year_classification_20260630_211343/ukraine_2022/checkpoints/Ukraine_Sense_Bank_2022_8bdd3d0ee1d3.json,1,52,1,0,0.0,0.0,29.0,29.0,0.6588235294117647,False,1,41857.77,1,44770.38,1
complete_including_both_zero,ukraine,2022,Tascombank,evaluations/reruns/country_year_classification_20260630_211343/ukraine_2022/checkpoints_corrected/Ukraine_Tascombank_2022_f6add08b0448.json,evaluations/reruns/country_year_classification_20260630_211343/ukraine_2022/checkpoints/Ukraine_Tascombank_2022_f6add08b0448.json,1,16,0,0,0.0,0.0,13.0,13.0,0.8470588235294118,False,0,0.0,0,0.0,0
complete_including_both_zero,ukraine,2022,Ukreximbank,evaluations/reruns/country_year_classification_20260630_211343/ukraine_2022/checkpoints_corrected/Ukraine_Ukreximbank_2022_adeecd6d4fda.json,evaluations/reruns/country_year_classification_20260630_211343/ukraine_2022/checkpoints/Ukraine_Ukreximbank_2022_adeecd6d4fda.json,1,66,2,0,0.0,0.0,34.0,34.0,0.6,False,2,125503704.0,2,0.0,0
complete_including_both_zero,ukraine,2022,Ukrgazbank,evaluations/reruns/country_year_classification_20260630_211343/ukraine_2022/checkpoints_corrected/Ukraine_Ukrgazbank_2022_08a439331c72.json,evaluations/reruns/country_year_classification_20260630_211343/ukraine_2022/checkpoints/Ukraine_Ukrgazbank_2022_08a439331c72.json,1,45,0,0,0.0,0.0,19.0,19.0,0.7764705882352941,False,0,0.0,0,0.0,0
complete_including_both_zero,ukraine,2022,Ukrsibbank,evaluations/reruns/country_year_classification_20260630_211343/ukraine_2022/checkpoints_corrected/Ukraine_Ukrsibbank_2022_c232147c1a1c.json,evaluations/reruns/country_year_classification_20260630_211343/ukraine_2022/checkpoints/Ukraine_Ukrsibbank_2022_c232147c1a1c.json,2,39,0,0,0.0,0.0,14.0,14.0,0.8352941176470589,False,0,0.0,0,0.0,0
complete_including_both_zero,ukraine,2023,A-bank,evaluations/reruns/country_year_classification_20260630_211343/ukraine_2023/checkpoints_corrected/Ukraine_A_bank_2023_22ab43953fd8.json,evaluations/reruns/country_year_classification_20260630_211343/ukraine_2023/checkpoints/Ukraine_A_bank_2023_22ab43953fd8.json,1,14,0,0,0.0,0.0,18.0,18.0,0.788235294117647,False,0,0.0,0,0.0,0
complete_including_both_zero,ukraine,2023,Credit Agricole Bank,evaluations/reruns/country_year_classification_20260630_211343/ukraine_2023/checkpoints_corrected/Ukraine_Credit_Agricole_Bank_2023_38edaa4912dd.json,evaluations/reruns/country_year_classification_20260630_211343/ukraine_2023/checkpoints/Ukraine_Credit_Agricole_Bank_2023_38edaa4912dd.json,1,105,0,0,0.0,0.0,37.0,37.0,0.5647058823529412,False,0,0.0,0,0.0,0
complete_including_both_zero,ukraine,2023,Credobank,evaluations/reruns/country_year_classification_20260630_211343/ukraine_2023/checkpoints_corrected/Ukraine_Credobank_2023_52009b319004.json,evaluations/reruns/country_year_classification_20260630_211343/ukraine_2023/checkpoints/Ukraine_Credobank_2023_52009b319004.json,1,94,0,0,0.0,0.0,27.0,27.0,0.6823529411764706,False,0,0.0,0,0.0,0
complete_including_both_zero,ukraine,2023,FUIB,evaluations/reruns/country_year_classification_20260630_211343/ukraine_2023/checkpoints_corrected/Ukraine_FUIB_2023_0edb3adc84e7.json,evaluations/reruns/country_year_classification_20260630_211343/ukraine_2023/checkpoints/Ukraine_FUIB_2023_0edb3adc84e7.json,1,58,0,0,0.0,0.0,16.5,16.5,0.8058823529411765,False,0,0.0,0,0.0,0
complete_including_both_zero,ukraine,2023,OTP Bank,evaluations/reruns/country_year_classification_20260630_211343/ukraine_2023/checkpoints_corrected/Ukraine_OTP_Bank_2023_bab70f0d7080.json,evaluations/reruns/country_year_classification_20260630_211343/ukraine_2023/checkpoints/Ukraine_OTP_Bank_2023_bab70f0d7080.json,1,83,0,0,0.0,0.0,38.0,38.0,0.5529411764705883,False,0,0.0,0,0.0,0
complete_including_both_zero,ukraine,2023,Privatbank,evaluations/reruns/country_year_classification_20260630_211343/ukraine_2023/checkpoints_corrected/Ukraine_Privatbank_2023_c781274e7ed9.json,evaluations/reruns/country_year_classification_20260630_211343/ukraine_2023/checkpoints/Ukraine_Privatbank_2023_c781274e7ed9.json,1,159,0,0,0.0,0.0,38.0,38.0,0.5529411764705883,False,0,0.0,0,0.0,0
complete_including_both_zero,ukraine,2023,Sense Bank,evaluations/reruns/country_year_classification_20260630_211343/ukraine_2023/checkpoints_corrected/Ukraine_Sense_Bank_2023_2beaac8df163.json,evaluations/reruns/country_year_classification_20260630_211343/ukraine_2023/checkpoints/Ukraine_Sense_Bank_2023_2beaac8df163.json,1,106,3,1,781.77,1563.54,38.5,33.5,0.6058823529411765,False,3,64896.0,2,64057.76,2
complete_including_both_zero,ukraine,2023,Tascombank,evaluations/reruns/country_year_classification_20260630_211343/ukraine_2023/checkpoints_corrected/Ukraine_Tascombank_2023_f4434c4f64c6.json,evaluations/reruns/country_year_classification_20260630_211343/ukraine_2023/checkpoints/Ukraine_Tascombank_2023_f4434c4f64c6.json,1,17,0,0,0.0,0.0,7.5,7.5,0.9117647058823529,False,0,0.0,0,0.0,0
complete_including_both_zero,ukraine,2023,Ukreximbank,evaluations/reruns/country_year_classification_20260630_211343/ukraine_2023/checkpoints_corrected/Ukraine_Ukreximbank_2023_d0d9f263e3a8.json,evaluations/reruns/country_year_classification_20260630_211343/ukraine_2023/checkpoints/Ukraine_Ukreximbank_2023_d0d9f263e3a8.json,1,116,1,0,0.0,0.0,39.0,39.0,0.5411764705882354,False,1,0.0,0,0.0,0
complete_including_both_zero,ukraine,2023,Ukrgazbank,evaluations/reruns/country_year_classification_20260630_211343/ukraine_2023/checkpoints_corrected/Ukraine_Ukrgazbank_2023_62d06560bcdb.json,evaluations/reruns/country_year_classification_20260630_211343/ukraine_2023/checkpoints/Ukraine_Ukrgazbank_2023_62d06560bcdb.json,1,203,1,0,0.0,0.0,60.0,60.0,0.2941176470588235,False,1,72000000.0,1,71070000.0,1
complete_including_both_zero,ukraine,2023,Ukrsibbank,evaluations/reruns/country_year_classification_20260630_211343/ukraine_2023/checkpoints_corrected/Ukraine_Ukrsibbank_2023_a246ee84a629.json,evaluations/reruns/country_year_classification_20260630_211343/ukraine_2023/checkpoints/Ukraine_Ukrsibbank_2023_a246ee84a629.json,2,103,0,0,0.0,0.0,55.0,55.0,0.3529411764705882,False,0,0.0,0,0.0,0
complete_including_both_zero,ukraine,2024,A-bank,evaluations/reruns/country_year_classification_20260630_211343/ukraine_2024/checkpoints_corrected/Ukraine_A_bank_2024_ef994714e671.json,evaluations/reruns/country_year_classification_20260630_211343/ukraine_2024/checkpoints/Ukraine_A_bank_2024_ef994714e671.json,1,5,0,0,0.0,0.0,4.0,4.0,0.9529411764705882,False,0,0.0,0,0.0,0
complete_including_both_zero,ukraine,2024,Credit Agricole Bank,evaluations/reruns/country_year_classification_20260630_211343/ukraine_2024/checkpoints_corrected/Ukraine_Credit_Agricole_Bank_2024_fb5a2d3629d7.json,evaluations/reruns/country_year_classification_20260630_211343/ukraine_2024/checkpoints/Ukraine_Credit_Agricole_Bank_2024_fb5a2d3629d7.json,1,110,0,0,0.0,0.0,47.0,47.0,0.44705882352941173,False,0,0.0,0,0.0,0
complete_including_both_zero,ukraine,2024,Credobank,evaluations/reruns/country_year_classification_20260630_211343/ukraine_2024/checkpoints_corrected/Ukraine_Credobank_2024_54d05641be9e.json,evaluations/reruns/country_year_classification_20260630_211343/ukraine_2024/checkpoints/Ukraine_Credobank_2024_54d05641be9e.json,1,1,0,0,0.0,0.0,3.0,3.0,0.9647058823529412,False,0,0.0,0,0.0,0
complete_including_both_zero,ukraine,2024,FUIB,evaluations/reruns/country_year_classification_20260630_211343/ukraine_2024/checkpoints_corrected/Ukraine_FUIB_2024_78f63cebf526.json,evaluations/reruns/country_year_classification_20260630_211343/ukraine_2024/checkpoints/Ukraine_FUIB_2024_78f63cebf526.json,1,67,0,0,0.0,0.0,54.5,54.5,0.35882352941176465,False,0,0.0,0,0.0,0
complete_including_both_zero,ukraine,2024,OTP Bank,evaluations/reruns/country_year_classification_20260630_211343/ukraine_2024/checkpoints_corrected/Ukraine_OTP_Bank_2024_d69a7450caf3.json,evaluations/reruns/country_year_classification_20260630_211343/ukraine_2024/checkpoints/Ukraine_OTP_Bank_2024_d69a7450caf3.json,1,97,2,0,0.0,0.0,44.1,44.1,0.4811764705882353,False,2,0.0,0,0.0,0
complete_including_both_zero,ukraine,2024,Privatbank,evaluations/reruns/country_year_classification_20260630_211343/ukraine_2024/checkpoints_corrected/Ukraine_Privatbank_2024_4992178b88c3.json,evaluations/reruns/country_year_classification_20260630_211343/ukraine_2024/checkpoints/Ukraine_Privatbank_2024_4992178b88c3.json,1,210,1,0,0.0,0.0,55.0,55.0,0.3529411764705882,False,1,0.0,0,0.0,0
complete_including_both_zero,ukraine,2024,Sense Bank,evaluations/reruns/country_year_classification_20260630_211343/ukraine_2024/checkpoints_corrected/Ukraine_Sense_Bank_2024_33d90c40458f.json,evaluations/reruns/country_year_classification_20260630_211343/ukraine_2024/checkpoints/Ukraine_Sense_Bank_2024_33d90c40458f.json,1,107,0,0,0.0,0.0,48.5,48.5,0.4294117647058824,False,0,0.0,0,0.0,0
complete_including_both_zero,ukraine,2024,Tascombank,evaluations/reruns/country_year_classification_20260630_211343/ukraine_2024/checkpoints_corrected/Ukraine_Tascombank_2024_ef6fc058532d.json,evaluations/reruns/country_year_classification_20260630_211343/ukraine_2024/checkpoints/Ukraine_Tascombank_2024_ef6fc058532d.json,1,74,0,0,0.0,0.0,22.5,22.5,0.7352941176470589,False,0,0.0,0,0.0,0
complete_including_both_zero,ukraine,2024,Ukreximbank,evaluations/reruns/country_year_classification_20260630_211343/ukraine_2024/checkpoints_corrected/Ukraine_Ukreximbank_2024_65db74042185.json,evaluations/reruns/country_year_classification_20260630_211343/ukraine_2024/checkpoints/Ukraine_Ukreximbank_2024_65db74042185.json,1,58,0,0,0.0,0.0,30.0,30.0,0.6470588235294117,False,0,0.0,0,0.0,0
complete_including_both_zero,ukraine,2024,Ukrgazbank,evaluations/reruns/country_year_classification_20260630_211343/ukraine_2024/checkpoints_corrected/Ukraine_Ukrgazbank_2024_16e4f0ce2ada.json,evaluations/reruns/country_year_classification_20260630_211343/ukraine_2024/checkpoints/Ukraine_Ukrgazbank_2024_16e4f0ce2ada.json,1,125,2,0,0.0,0.0,45.5,45.5,0.4647058823529412,False,2,0.0,0,0.0,0
complete_including_both_zero,ukraine,2024,Ukrsibbank,evaluations/reruns/country_year_classification_20260630_211343/ukraine_2024/checkpoints_corrected/Ukraine_Ukrsibbank_2024_4b92be1e0732.json,evaluations/reruns/country_year_classification_20260630_211343/ukraine_2024/checkpoints/Ukraine_Ukrsibbank_2024_4b92be1e0732.json,2,69,0,0,0.0,0.0,32.5,32.5,0.6176470588235294,False,0,0.0,0,0.0,0
complete_excluding_both_zero_observations,finland,2019,Danske Bank,evaluations/reruns/country_year_classification_20260630_211343/finland_2019/checkpoints_corrected/Finland_Danske_Bank_2019_eb253047513f.json,evaluations/reruns/country_year_classification_20260630_211343/finland_2019/checkpoints/Finland_Danske_Bank_2019_eb253047513f.json,1,125,3,0,0.0,0.0,36.5,36.5,0.5705882352941176,False,3,0.0,0,0.0,0
complete_excluding_both_zero_observations,finland,2019,Nordea Bank,evaluations/reruns/country_year_classification_20260630_211343/finland_2019/checkpoints_corrected/Finland_Nordea_Bank_2019_d46b794443cd.json,evaluations/reruns/country_year_classification_20260630_211343/finland_2019/checkpoints/Finland_Nordea_Bank_2019_d46b794443cd.json,1,80,1,0,0.0,0.0,43.0,43.0,0.49411764705882355,False,1,0.0,0,0.0,0
complete_excluding_both_zero_observations,finland,2019,Oma Säästöpankki,evaluations/reruns/country_year_classification_20260630_211343/finland_2019/checkpoints_corrected/Finland_Oma_Saastopankki_2019_a0ccb5814b3a.json,evaluations/reruns/country_year_classification_20260630_211343/finland_2019/checkpoints/Finland_Oma_Saastopankki_2019_a0ccb5814b3a.json,1,12,0,0,0.0,0.0,27.0,27.0,0.6823529411764706,False,0,0.0,0,0.0,0
complete_excluding_both_zero_observations,finland,2020,Danske Bank,evaluations/reruns/country_year_classification_20260630_211343/finland_2020/checkpoints_corrected/Finland_Danske_Bank_2020_55763a821214.json,evaluations/reruns/country_year_classification_20260630_211343/finland_2020/checkpoints/Finland_Danske_Bank_2020_55763a821214.json,1,140,20,0,0.0,0.0,39.0,39.0,0.5411764705882354,False,20,1273000000.0,1,1276705000.0,1
complete_excluding_both_zero_observations,finland,2020,Nordea Bank,evaluations/reruns/country_year_classification_20260630_211343/finland_2020/checkpoints_corrected/Finland_Nordea_Bank_2020_88fbd9974dee.json,evaluations/reruns/country_year_classification_20260630_211343/finland_2020/checkpoints/Finland_Nordea_Bank_2020_88fbd9974dee.json,1,132,3,0,0.0,0.0,49.5,49.5,0.41764705882352937,False,3,0.0,0,0.0,0
complete_excluding_both_zero_observations,finland,2020,Oma Säästöpankki,evaluations/reruns/country_year_classification_20260630_211343/finland_2020/checkpoints_corrected/Finland_Oma_Saastopankki_2020_128a79983c73.json,evaluations/reruns/country_year_classification_20260630_211343/finland_2020/checkpoints/Finland_Oma_Saastopankki_2020_128a79983c73.json,2,109,1,0,0.0,0.0,36.0,36.0,0.5764705882352941,False,1,0.0,0,0.0,0
complete_excluding_both_zero_observations,finland,2021,Danske Bank,evaluations/reruns/country_year_classification_20260630_211343/finland_2021/checkpoints_corrected/Finland_Danske_Bank_2021_1c0fdd3b9832.json,evaluations/reruns/country_year_classification_20260630_211343/finland_2021/checkpoints/Finland_Danske_Bank_2021_1c0fdd3b9832.json,1,85,8,0,0.0,0.0,35.0,35.0,0.5882352941176471,False,8,25728000000.0,1,0.0,0
complete_excluding_both_zero_observations,finland,2021,Nordea Bank,evaluations/reruns/country_year_classification_20260630_211343/finland_2021/checkpoints_corrected/Finland_Nordea_Bank_2021_cea7f28bf70b.json,evaluations/reruns/country_year_classification_20260630_211343/finland_2021/checkpoints/Finland_Nordea_Bank_2021_cea7f28bf70b.json,1,229,9,0,0.0,0.0,56.5,56.5,0.33529411764705885,False,9,400000000.0,1,0.0,0
complete_excluding_both_zero_observations,finland,2021,Oma Säästöpankki,evaluations/reruns/country_year_classification_20260630_211343/finland_2021/checkpoints_corrected/Finland_Oma_Saastopankki_2021_64db404dd053.json,evaluations/reruns/country_year_classification_20260630_211343/finland_2021/checkpoints/Finland_Oma_Saastopankki_2021_64db404dd053.json,2,177,0,0,0.0,0.0,69.0,69.0,0.18823529411764706,False,0,0.0,0,0.0,0
complete_excluding_both_zero_observations,finland,2022,Danske Bank,evaluations/reruns/country_year_classification_20260630_211343/finland_2022/checkpoints_corrected/Finland_Danske_Bank_2022_8d7bdaa2258c.json,evaluations/reruns/country_year_classification_20260630_211343/finland_2022/checkpoints/Finland_Danske_Bank_2022_8d7bdaa2258c.json,1,118,9,0,0.0,0.0,69.0,69.0,0.18823529411764706,False,9,0.0,0,0.0,0
complete_excluding_both_zero_observations,finland,2022,Nordea Bank,evaluations/reruns/country_year_classification_20260630_211343/finland_2022/checkpoints_corrected/Finland_Nordea_Bank_2022_b7ca39cc064e.json,evaluations/reruns/country_year_classification_20260630_211343/finland_2022/checkpoints/Finland_Nordea_Bank_2022_b7ca39cc064e.json,1,256,7,0,0.0,0.0,51.0,51.0,0.4,False,7,0.0,0,0.0,0
complete_excluding_both_zero_observations,finland,2022,Oma Säästöpankki,evaluations/reruns/country_year_classification_20260630_211343/finland_2022/checkpoints_corrected/Finland_Oma_Saastopankki_2022_a762a365031b.json,evaluations/reruns/country_year_classification_20260630_211343/finland_2022/checkpoints/Finland_Oma_Saastopankki_2022_a762a365031b.json,1,119,0,0,0.0,0.0,43.0,43.0,0.49411764705882355,False,0,0.0,0,0.0,0
complete_excluding_both_zero_observations,finland,2023,Danske Bank,evaluations/reruns/country_year_classification_20260630_211343/finland_2023/checkpoints_corrected/Finland_Danske_Bank_2023_906c4fa04dc6.json,evaluations/reruns/country_year_classification_20260630_211343/finland_2023/checkpoints/Finland_Danske_Bank_2023_906c4fa04dc6.json,1,245,14,0,0.0,0.0,50.0,50.0,0.4117647058823529,False,14,11839838000.0,3,4475842260.0,2
complete_excluding_both_zero_observations,finland,2023,Nordea Bank,evaluations/reruns/country_year_classification_20260630_211343/finland_2023/checkpoints_corrected/Finland_Nordea_Bank_2023_213f8e961fff.json,evaluations/reruns/country_year_classification_20260630_211343/finland_2023/checkpoints/Finland_Nordea_Bank_2023_213f8e961fff.json,1,370,13,0,0.0,0.0,63.0,63.0,0.2588235294117647,False,13,0.0,0,0.0,0
complete_excluding_both_zero_observations,finland,2023,Oma Säästöpankki,evaluations/reruns/country_year_classification_20260630_211343/finland_2023/checkpoints_corrected/Finland_Oma_Saastopankki_2023_10f19bccf497.json,evaluations/reruns/country_year_classification_20260630_211343/finland_2023/checkpoints/Finland_Oma_Saastopankki_2023_10f19bccf497.json,2,226,0,0,0.0,0.0,64.0,64.0,0.24705882352941178,False,0,0.0,0,0.0,0
complete_excluding_both_zero_observations,finland,2024,Danske Bank,evaluations/reruns/country_year_classification_20260630_211343/finland_2024/checkpoints_corrected/Finland_Danske_Bank_2024_8381f710ffb6.json,evaluations/reruns/country_year_classification_20260630_211343/finland_2024/checkpoints/Finland_Danske_Bank_2024_8381f710ffb6.json,1,383,2,0,0.0,0.0,60.0,60.0,0.2941176470588235,False,2,3965998000.0,2,3968661730.0,2
complete_excluding_both_zero_observations,finland,2024,Nordea Bank,evaluations/reruns/country_year_classification_20260630_211343/finland_2024/checkpoints_corrected/Finland_Nordea_Bank_2024_fc7e60246401.json,evaluations/reruns/country_year_classification_20260630_211343/finland_2024/checkpoints/Finland_Nordea_Bank_2024_fc7e60246401.json,1,697,3,0,0.0,0.0,65.5,65.5,0.22941176470588232,False,3,0.0,0,0.0,0
complete_excluding_both_zero_observations,finland,2024,Oma Säästöpankki,evaluations/reruns/country_year_classification_20260630_211343/finland_2024/checkpoints_corrected/Finland_Oma_Saastopankki_2024_41c5cad0a3b3.json,evaluations/reruns/country_year_classification_20260630_211343/finland_2024/checkpoints/Finland_Oma_Saastopankki_2024_41c5cad0a3b3.json,1,300,1,1,6250.0,6250.0,59.0,56.0,0.3411764705882353,False,1,6250.0,1,6250.0,1
complete_excluding_both_zero_observations,ukraine,2019,A-bank,evaluations/reruns/country_year_classification_20260630_211343/ukraine_2019/checkpoints_corrected/Ukraine_A_bank_2019_5e556d579c8c.json,evaluations/reruns/country_year_classification_20260630_211343/ukraine_2019/checkpoints/Ukraine_A_bank_2019_5e556d579c8c.json,1,58,0,0,0.0,0.0,12.0,12.0,0.8588235294117648,False,0,0.0,0,0.0,0
complete_excluding_both_zero_observations,ukraine,2019,Credit Agricole Bank,evaluations/reruns/country_year_classification_20260630_211343/ukraine_2019/checkpoints_corrected/Ukraine_Credit_Agricole_Bank_2019_ac5beaa76657.json,evaluations/reruns/country_year_classification_20260630_211343/ukraine_2019/checkpoints/Ukraine_Credit_Agricole_Bank_2019_ac5beaa76657.json,1,49,0,0,0.0,0.0,36.0,36.0,0.5764705882352941,False,0,0.0,0,0.0,0
complete_excluding_both_zero_observations,ukraine,2019,Credobank,evaluations/reruns/country_year_classification_20260630_211343/ukraine_2019/checkpoints_corrected/Ukraine_Credobank_2019_3e9f9d42f532.json,evaluations/reruns/country_year_classification_20260630_211343/ukraine_2019/checkpoints/Ukraine_Credobank_2019_3e9f9d42f532.json,1,38,0,0,0.0,0.0,21.0,21.0,0.7529411764705882,False,0,0.0,0,0.0,0
complete_excluding_both_zero_observations,ukraine,2019,FUIB,evaluations/reruns/country_year_classification_20260630_211343/ukraine_2019/checkpoints_corrected/Ukraine_FUIB_2019_94567fa78d45.json,evaluations/reruns/country_year_classification_20260630_211343/ukraine_2019/checkpoints/Ukraine_FUIB_2019_94567fa78d45.json,1,66,0,0,0.0,0.0,24.0,24.0,0.7176470588235294,False,0,0.0,0,0.0,0
complete_excluding_both_zero_observations,ukraine,2019,Privatbank,evaluations/reruns/country_year_classification_20260630_211343/ukraine_2019/checkpoints_corrected/Ukraine_Privatbank_2019_2d0336d56d5e.json,evaluations/reruns/country_year_classification_20260630_211343/ukraine_2019/checkpoints/Ukraine_Privatbank_2019_2d0336d56d5e.json,1,21,0,0,0.0,0.0,13.5,13.5,0.8411764705882353,False,0,0.0,0,0.0,0
complete_excluding_both_zero_observations,ukraine,2019,Sense Bank,evaluations/reruns/country_year_classification_20260630_211343/ukraine_2019/checkpoints_corrected/Ukraine_Sense_Bank_2019_59ef04bb01aa.json,evaluations/reruns/country_year_classification_20260630_211343/ukraine_2019/checkpoints/Ukraine_Sense_Bank_2019_59ef04bb01aa.json,1,108,0,0,0.0,0.0,25.5,25.5,0.7,False,0,0.0,0,0.0,0
complete_excluding_both_zero_observations,ukraine,2019,Tascombank,evaluations/reruns/country_year_classification_20260630_211343/ukraine_2019/checkpoints_corrected/Ukraine_Tascombank_2019_d5a0db1ec116.json,evaluations/reruns/country_year_classification_20260630_211343/ukraine_2019/checkpoints/Ukraine_Tascombank_2019_d5a0db1ec116.json,1,22,0,0,0.0,0.0,18.0,18.0,0.788235294117647,False,0,0.0,0,0.0,0
complete_excluding_both_zero_observations,ukraine,2019,Ukreximbank,evaluations/reruns/country_year_classification_20260630_211343/ukraine_2019/checkpoints_corrected/Ukraine_Ukreximbank_2019_7313e607502d.json,evaluations/reruns/country_year_classification_20260630_211343/ukraine_2019/checkpoints/Ukraine_Ukreximbank_2019_7313e607502d.json,1,39,1,0,0.0,0.0,17.5,17.5,0.7941176470588236,False,1,80000000.0,1,0.0,0
complete_excluding_both_zero_observations,ukraine,2019,Ukrgazbank,evaluations/reruns/country_year_classification_20260630_211343/ukraine_2019/checkpoints_corrected/Ukraine_Ukrgazbank_2019_c5df46b73eeb.json,evaluations/reruns/country_year_classification_20260630_211343/ukraine_2019/checkpoints/Ukraine_Ukrgazbank_2019_c5df46b73eeb.json,1,58,1,0,0.0,0.0,44.5,44.5,0.4764705882352941,False,1,0.0,0,0.0,0
complete_excluding_both_zero_observations,ukraine,2019,Ukrsibbank,evaluations/reruns/country_year_classification_20260630_211343/ukraine_2019/checkpoints_corrected/Ukraine_Ukrsibbank_2019_090fd457db80.json,evaluations/reruns/country_year_classification_20260630_211343/ukraine_2019/checkpoints/Ukraine_Ukrsibbank_2019_090fd457db80.json,2,24,0,0,0.0,0.0,17.8,17.8,0.7905882352941176,False,0,0.0,0,0.0,0
complete_excluding_both_zero_observations,ukraine,2020,A-bank,evaluations/reruns/country_year_classification_20260630_211343/ukraine_2020/checkpoints_corrected/Ukraine_A_bank_2020_00c877d9ebbb.json,evaluations/reruns/country_year_classification_20260630_211343/ukraine_2020/checkpoints/Ukraine_A_bank_2020_00c877d9ebbb.json,1,34,0,0,0.0,0.0,8.0,8.0,0.9058823529411765,False,0,0.0,0,0.0,0
complete_excluding_both_zero_observations,ukraine,2020,Credit Agricole Bank,evaluations/reruns/country_year_classification_20260630_211343/ukraine_2020/checkpoints_corrected/Ukraine_Credit_Agricole_Bank_2020_07a4898211b4.json,evaluations/reruns/country_year_classification_20260630_211343/ukraine_2020/checkpoints/Ukraine_Credit_Agricole_Bank_2020_07a4898211b4.json,1,68,0,0,0.0,0.0,33.0,33.0,0.611764705882353,False,0,0.0,0,0.0,0
complete_excluding_both_zero_observations,ukraine,2020,FUIB,evaluations/reruns/country_year_classification_20260630_211343/ukraine_2020/checkpoints_corrected/Ukraine_FUIB_2020_1e5da15310d8.json,evaluations/reruns/country_year_classification_20260630_211343/ukraine_2020/checkpoints/Ukraine_FUIB_2020_1e5da15310d8.json,1,77,0,0,0.0,0.0,22.5,22.5,0.7352941176470589,False,0,0.0,0,0.0,0
complete_excluding_both_zero_observations,ukraine,2020,Privatbank,evaluations/reruns/country_year_classification_20260630_211343/ukraine_2020/checkpoints_corrected/Ukraine_Privatbank_2020_4fde3f72a27b.json,evaluations/reruns/country_year_classification_20260630_211343/ukraine_2020/checkpoints/Ukraine_Privatbank_2020_4fde3f72a27b.json,1,35,0,0,0.0,0.0,32.0,32.0,0.6235294117647059,False,0,0.0,0,0.0,0
complete_excluding_both_zero_observations,ukraine,2020,Sense Bank,evaluations/reruns/country_year_classification_20260630_211343/ukraine_2020/checkpoints_corrected/Ukraine_Sense_Bank_2020_0336277606fe.json,evaluations/reruns/country_year_classification_20260630_211343/ukraine_2020/checkpoints/Ukraine_Sense_Bank_2020_0336277606fe.json,1,41,0,0,0.0,0.0,16.5,16.5,0.8058823529411765,False,0,0.0,0,0.0,0
complete_excluding_both_zero_observations,ukraine,2020,Tascombank,evaluations/reruns/country_year_classification_20260630_211343/ukraine_2020/checkpoints_corrected/Ukraine_Tascombank_2020_f79ae738907f.json,evaluations/reruns/country_year_classification_20260630_211343/ukraine_2020/checkpoints/Ukraine_Tascombank_2020_f79ae738907f.json,1,17,0,0,0.0,0.0,19.0,19.0,0.7764705882352941,False,0,0.0,0,0.0,0
complete_excluding_both_zero_observations,ukraine,2020,Ukreximbank,evaluations/reruns/country_year_classification_20260630_211343/ukraine_2020/checkpoints_corrected/Ukraine_Ukreximbank_2020_d91b65af2fdc.json,evaluations/reruns/country_year_classification_20260630_211343/ukraine_2020/checkpoints/Ukraine_Ukreximbank_2020_d91b65af2fdc.json,1,72,2,0,0.0,0.0,41.0,41.0,0.5176470588235293,False,2,0.0,0,0.0,0
complete_excluding_both_zero_observations,ukraine,2020,Ukrgazbank,evaluations/reruns/country_year_classification_20260630_211343/ukraine_2020/checkpoints_corrected/Ukraine_Ukrgazbank_2020_6602b6335bc4.json,evaluations/reruns/country_year_classification_20260630_211343/ukraine_2020/checkpoints/Ukraine_Ukrgazbank_2020_6602b6335bc4.json,1,95,3,0,0.0,0.0,29.0,29.0,0.6588235294117647,False,3,30000000.0,1,30000000.0,1
complete_excluding_both_zero_observations,ukraine,2020,Ukrsibbank,evaluations/reruns/country_year_classification_20260630_211343/ukraine_2020/checkpoints_corrected/Ukraine_Ukrsibbank_2020_073a1d022e35.json,evaluations/reruns/country_year_classification_20260630_211343/ukraine_2020/checkpoints/Ukraine_Ukrsibbank_2020_073a1d022e35.json,2,10,0,0,0.0,0.0,14.5,14.5,0.8294117647058823,False,0,0.0,0,0.0,0
complete_excluding_both_zero_observations,ukraine,2021,A-bank,evaluations/reruns/country_year_classification_20260630_211343/ukraine_2021/checkpoints_corrected/Ukraine_A_bank_2021_9cfbf583a155.json,evaluations/reruns/country_year_classification_20260630_211343/ukraine_2021/checkpoints/Ukraine_A_bank_2021_9cfbf583a155.json,1,18,0,0,0.0,0.0,11.0,11.0,0.8705882352941177,False,0,0.0,0,0.0,0
complete_excluding_both_zero_observations,ukraine,2021,Credit Agricole Bank,evaluations/reruns/country_year_classification_20260630_211343/ukraine_2021/checkpoints_corrected/Ukraine_Credit_Agricole_Bank_2021_61f28bbb122a.json,evaluations/reruns/country_year_classification_20260630_211343/ukraine_2021/checkpoints/Ukraine_Credit_Agricole_Bank_2021_61f28bbb122a.json,1,50,0,0,0.0,0.0,35.0,35.0,0.5882352941176471,False,0,0.0,0,0.0,0
complete_excluding_both_zero_observations,ukraine,2021,Credobank,evaluations/reruns/country_year_classification_20260630_211343/ukraine_2021/checkpoints_corrected/Ukraine_Credobank_2021_92750cf6e52d.json,evaluations/reruns/country_year_classification_20260630_211343/ukraine_2021/checkpoints/Ukraine_Credobank_2021_92750cf6e52d.json,1,49,0,0,0.0,0.0,24.5,24.5,0.711764705882353,False,0,0.0,0,0.0,0
complete_excluding_both_zero_observations,ukraine,2021,FUIB,evaluations/reruns/country_year_classification_20260630_211343/ukraine_2021/checkpoints_corrected/Ukraine_FUIB_2021_8c8842965ab1.json,evaluations/reruns/country_year_classification_20260630_211343/ukraine_2021/checkpoints/Ukraine_FUIB_2021_8c8842965ab1.json,1,39,0,0,0.0,0.0,22.0,22.0,0.7411764705882353,False,0,0.0,0,0.0,0
complete_excluding_both_zero_observations,ukraine,2021,OTP Bank,evaluations/reruns/country_year_classification_20260630_211343/ukraine_2021/checkpoints_corrected/Ukraine_OTP_Bank_2021_e2037aa8fe0a.json,evaluations/reruns/country_year_classification_20260630_211343/ukraine_2021/checkpoints/Ukraine_OTP_Bank_2021_e2037aa8fe0a.json,1,53,0,0,0.0,0.0,38.0,38.0,0.5529411764705883,False,0,0.0,0,0.0,0
complete_excluding_both_zero_observations,ukraine,2021,Privatbank,evaluations/reruns/country_year_classification_20260630_211343/ukraine_2021/checkpoints_corrected/Ukraine_Privatbank_2021_3589d03984a4.json,evaluations/reruns/country_year_classification_20260630_211343/ukraine_2021/checkpoints/Ukraine_Privatbank_2021_3589d03984a4.json,1,26,0,0,0.0,0.0,23.0,23.0,0.7294117647058824,False,0,0.0,0,0.0,0
complete_excluding_both_zero_observations,ukraine,2021,Sense Bank,evaluations/reruns/country_year_classification_20260630_211343/ukraine_2021/checkpoints_corrected/Ukraine_Sense_Bank_2021_d3f60438609d.json,evaluations/reruns/country_year_classification_20260630_211343/ukraine_2021/checkpoints/Ukraine_Sense_Bank_2021_d3f60438609d.json,1,47,2,0,0.0,0.0,28.0,28.0,0.6705882352941177,False,2,43413.08,2,58499.13,2
complete_excluding_both_zero_observations,ukraine,2021,Tascombank,evaluations/reruns/country_year_classification_20260630_211343/ukraine_2021/checkpoints_corrected/Ukraine_Tascombank_2021_30df69091e1e.json,evaluations/reruns/country_year_classification_20260630_211343/ukraine_2021/checkpoints/Ukraine_Tascombank_2021_30df69091e1e.json,1,26,0,0,0.0,0.0,14.0,14.0,0.8352941176470589,False,0,0.0,0,0.0,0
complete_excluding_both_zero_observations,ukraine,2021,Ukreximbank,evaluations/reruns/country_year_classification_20260630_211343/ukraine_2021/checkpoints_corrected/Ukraine_Ukreximbank_2021_f68690d4b7d8.json,evaluations/reruns/country_year_classification_20260630_211343/ukraine_2021/checkpoints/Ukraine_Ukreximbank_2021_f68690d4b7d8.json,1,63,0,0,0.0,0.0,35.5,35.5,0.5823529411764705,False,0,0.0,0,0.0,0
complete_excluding_both_zero_observations,ukraine,2021,Ukrgazbank,evaluations/reruns/country_year_classification_20260630_211343/ukraine_2021/checkpoints_corrected/Ukraine_Ukrgazbank_2021_def6b26420b5.json,evaluations/reruns/country_year_classification_20260630_211343/ukraine_2021/checkpoints/Ukraine_Ukrgazbank_2021_def6b26420b5.json,1,97,4,0,0.0,0.0,39.0,39.0,0.5411764705882354,False,4,1095600000.0,3,0.0,0
complete_excluding_both_zero_observations,ukraine,2021,Ukrsibbank,evaluations/reruns/country_year_classification_20260630_211343/ukraine_2021/checkpoints_corrected/Ukraine_Ukrsibbank_2021_dce7fa26bb7a.json,evaluations/reruns/country_year_classification_20260630_211343/ukraine_2021/checkpoints/Ukraine_Ukrsibbank_2021_dce7fa26bb7a.json,2,34,0,0,0.0,0.0,23.5,23.5,0.7235294117647059,False,0,0.0,0,0.0,0
complete_excluding_both_zero_observations,ukraine,2022,A-bank,evaluations/reruns/country_year_classification_20260630_211343/ukraine_2022/checkpoints_corrected/Ukraine_A_bank_2022_f4646ec7af20.json,evaluations/reruns/country_year_classification_20260630_211343/ukraine_2022/checkpoints/Ukraine_A_bank_2022_f4646ec7af20.json,1,72,0,0,0.0,0.0,28.5,28.5,0.6647058823529413,False,0,0.0,0,0.0,0
complete_excluding_both_zero_observations,ukraine,2022,Credit Agricole Bank,evaluations/reruns/country_year_classification_20260630_211343/ukraine_2022/checkpoints_corrected/Ukraine_Credit_Agricole_Bank_2022_12f01592aa99.json,evaluations/reruns/country_year_classification_20260630_211343/ukraine_2022/checkpoints/Ukraine_Credit_Agricole_Bank_2022_12f01592aa99.json,1,92,0,0,0.0,0.0,44.0,44.0,0.48235294117647054,False,0,0.0,0,0.0,0
complete_excluding_both_zero_observations,ukraine,2022,Credobank,evaluations/reruns/country_year_classification_20260630_211343/ukraine_2022/checkpoints_corrected/Ukraine_Credobank_2022_5c2177484b36.json,evaluations/reruns/country_year_classification_20260630_211343/ukraine_2022/checkpoints/Ukraine_Credobank_2022_5c2177484b36.json,1,37,0,0,0.0,0.0,30.0,30.0,0.6470588235294117,False,0,0.0,0,0.0,0
complete_excluding_both_zero_observations,ukraine,2022,FUIB,evaluations/reruns/country_year_classification_20260630_211343/ukraine_2022/checkpoints_corrected/Ukraine_FUIB_2022_d72a53103c68.json,evaluations/reruns/country_year_classification_20260630_211343/ukraine_2022/checkpoints/Ukraine_FUIB_2022_d72a53103c68.json,1,57,0,0,0.0,0.0,22.0,22.0,0.7411764705882353,False,0,0.0,0,0.0,0
complete_excluding_both_zero_observations,ukraine,2022,OTP Bank,evaluations/reruns/country_year_classification_20260630_211343/ukraine_2022/checkpoints_corrected/Ukraine_OTP_Bank_2022_afdc477917bc.json,evaluations/reruns/country_year_classification_20260630_211343/ukraine_2022/checkpoints/Ukraine_OTP_Bank_2022_afdc477917bc.json,1,63,0,0,0.0,0.0,35.0,35.0,0.5882352941176471,False,0,0.0,0,0.0,0
complete_excluding_both_zero_observations,ukraine,2022,Privatbank,evaluations/reruns/country_year_classification_20260630_211343/ukraine_2022/checkpoints_corrected/Ukraine_Privatbank_2022_1908ee146f43.json,evaluations/reruns/country_year_classification_20260630_211343/ukraine_2022/checkpoints/Ukraine_Privatbank_2022_1908ee146f43.json,1,42,0,0,0.0,0.0,27.0,27.0,0.6823529411764706,False,0,0.0,0,0.0,0
complete_excluding_both_zero_observations,ukraine,2022,Sense Bank,evaluations/reruns/country_year_classification_20260630_211343/ukraine_2022/checkpoints_corrected/Ukraine_Sense_Bank_2022_8bdd3d0ee1d3.json,evaluations/reruns/country_year_classification_20260630_211343/ukraine_2022/checkpoints/Ukraine_Sense_Bank_2022_8bdd3d0ee1d3.json,1,52,1,0,0.0,0.0,29.0,29.0,0.6588235294117647,False,1,41857.77,1,44770.38,1
complete_excluding_both_zero_observations,ukraine,2022,Tascombank,evaluations/reruns/country_year_classification_20260630_211343/ukraine_2022/checkpoints_corrected/Ukraine_Tascombank_2022_f6add08b0448.json,evaluations/reruns/country_year_classification_20260630_211343/ukraine_2022/checkpoints/Ukraine_Tascombank_2022_f6add08b0448.json,1,16,0,0,0.0,0.0,13.0,13.0,0.8470588235294118,False,0,0.0,0,0.0,0
complete_excluding_both_zero_observations,ukraine,2022,Ukreximbank,evaluations/reruns/country_year_classification_20260630_211343/ukraine_2022/checkpoints_corrected/Ukraine_Ukreximbank_2022_adeecd6d4fda.json,evaluations/reruns/country_year_classification_20260630_211343/ukraine_2022/checkpoints/Ukraine_Ukreximbank_2022_adeecd6d4fda.json,1,66,2,0,0.0,0.0,34.0,34.0,0.6,False,2,125503704.0,2,0.0,0
complete_excluding_both_zero_observations,ukraine,2022,Ukrgazbank,evaluations/reruns/country_year_classification_20260630_211343/ukraine_2022/checkpoints_corrected/Ukraine_Ukrgazbank_2022_08a439331c72.json,evaluations/reruns/country_year_classification_20260630_211343/ukraine_2022/checkpoints/Ukraine_Ukrgazbank_2022_08a439331c72.json,1,45,0,0,0.0,0.0,19.0,19.0,0.7764705882352941,False,0,0.0,0,0.0,0
complete_excluding_both_zero_observations,ukraine,2022,Ukrsibbank,evaluations/reruns/country_year_classification_20260630_211343/ukraine_2022/checkpoints_corrected/Ukraine_Ukrsibbank_2022_c232147c1a1c.json,evaluations/reruns/country_year_classification_20260630_211343/ukraine_2022/checkpoints/Ukraine_Ukrsibbank_2022_c232147c1a1c.json,2,39,0,0,0.0,0.0,14.0,14.0,0.8352941176470589,False,0,0.0,0,0.0,0
complete_excluding_both_zero_observations,ukraine,2023,A-bank,evaluations/reruns/country_year_classification_20260630_211343/ukraine_2023/checkpoints_corrected/Ukraine_A_bank_2023_22ab43953fd8.json,evaluations/reruns/country_year_classification_20260630_211343/ukraine_2023/checkpoints/Ukraine_A_bank_2023_22ab43953fd8.json,1,14,0,0,0.0,0.0,18.0,18.0,0.788235294117647,False,0,0.0,0,0.0,0
complete_excluding_both_zero_observations,ukraine,2023,Credit Agricole Bank,evaluations/reruns/country_year_classification_20260630_211343/ukraine_2023/checkpoints_corrected/Ukraine_Credit_Agricole_Bank_2023_38edaa4912dd.json,evaluations/reruns/country_year_classification_20260630_211343/ukraine_2023/checkpoints/Ukraine_Credit_Agricole_Bank_2023_38edaa4912dd.json,1,105,0,0,0.0,0.0,37.0,37.0,0.5647058823529412,False,0,0.0,0,0.0,0
complete_excluding_both_zero_observations,ukraine,2023,Credobank,evaluations/reruns/country_year_classification_20260630_211343/ukraine_2023/checkpoints_corrected/Ukraine_Credobank_2023_52009b319004.json,evaluations/reruns/country_year_classification_20260630_211343/ukraine_2023/checkpoints/Ukraine_Credobank_2023_52009b319004.json,1,94,0,0,0.0,0.0,27.0,27.0,0.6823529411764706,False,0,0.0,0,0.0,0
complete_excluding_both_zero_observations,ukraine,2023,FUIB,evaluations/reruns/country_year_classification_20260630_211343/ukraine_2023/checkpoints_corrected/Ukraine_FUIB_2023_0edb3adc84e7.json,evaluations/reruns/country_year_classification_20260630_211343/ukraine_2023/checkpoints/Ukraine_FUIB_2023_0edb3adc84e7.json,1,58,0,0,0.0,0.0,16.5,16.5,0.8058823529411765,False,0,0.0,0,0.0,0
complete_excluding_both_zero_observations,ukraine,2023,OTP Bank,evaluations/reruns/country_year_classification_20260630_211343/ukraine_2023/checkpoints_corrected/Ukraine_OTP_Bank_2023_bab70f0d7080.json,evaluations/reruns/country_year_classification_20260630_211343/ukraine_2023/checkpoints/Ukraine_OTP_Bank_2023_bab70f0d7080.json,1,83,0,0,0.0,0.0,38.0,38.0,0.5529411764705883,False,0,0.0,0,0.0,0
complete_excluding_both_zero_observations,ukraine,2023,Privatbank,evaluations/reruns/country_year_classification_20260630_211343/ukraine_2023/checkpoints_corrected/Ukraine_Privatbank_2023_c781274e7ed9.json,evaluations/reruns/country_year_classification_20260630_211343/ukraine_2023/checkpoints/Ukraine_Privatbank_2023_c781274e7ed9.json,1,159,0,0,0.0,0.0,38.0,38.0,0.5529411764705883,False,0,0.0,0,0.0,0
complete_excluding_both_zero_observations,ukraine,2023,Sense Bank,evaluations/reruns/country_year_classification_20260630_211343/ukraine_2023/checkpoints_corrected/Ukraine_Sense_Bank_2023_2beaac8df163.json,evaluations/reruns/country_year_classification_20260630_211343/ukraine_2023/checkpoints/Ukraine_Sense_Bank_2023_2beaac8df163.json,1,106,3,1,781.77,1563.54,38.5,33.5,0.6058823529411765,False,3,64896.0,2,64057.76,2
complete_excluding_both_zero_observations,ukraine,2023,Tascombank,evaluations/reruns/country_year_classification_20260630_211343/ukraine_2023/checkpoints_corrected/Ukraine_Tascombank_2023_f4434c4f64c6.json,evaluations/reruns/country_year_classification_20260630_211343/ukraine_2023/checkpoints/Ukraine_Tascombank_2023_f4434c4f64c6.json,1,17,0,0,0.0,0.0,7.5,7.5,0.9117647058823529,False,0,0.0,0,0.0,0
complete_excluding_both_zero_observations,ukraine,2023,Ukreximbank,evaluations/reruns/country_year_classification_20260630_211343/ukraine_2023/checkpoints_corrected/Ukraine_Ukreximbank_2023_d0d9f263e3a8.json,evaluations/reruns/country_year_classification_20260630_211343/ukraine_2023/checkpoints/Ukraine_Ukreximbank_2023_d0d9f263e3a8.json,1,116,1,0,0.0,0.0,39.0,39.0,0.5411764705882354,False,1,0.0,0,0.0,0
complete_excluding_both_zero_observations,ukraine,2023,Ukrgazbank,evaluations/reruns/country_year_classification_20260630_211343/ukraine_2023/checkpoints_corrected/Ukraine_Ukrgazbank_2023_62d06560bcdb.json,evaluations/reruns/country_year_classification_20260630_211343/ukraine_2023/checkpoints/Ukraine_Ukrgazbank_2023_62d06560bcdb.json,1,203,1,0,0.0,0.0,60.0,60.0,0.2941176470588235,False,1,72000000.0,1,71070000.0,1
complete_excluding_both_zero_observations,ukraine,2023,Ukrsibbank,evaluations/reruns/country_year_classification_20260630_211343/ukraine_2023/checkpoints_corrected/Ukraine_Ukrsibbank_2023_a246ee84a629.json,evaluations/reruns/country_year_classification_20260630_211343/ukraine_2023/checkpoints/Ukraine_Ukrsibbank_2023_a246ee84a629.json,2,103,0,0,0.0,0.0,55.0,55.0,0.3529411764705882,False,0,0.0,0,0.0,0
complete_excluding_both_zero_observations,ukraine,2024,A-bank,evaluations/reruns/country_year_classification_20260630_211343/ukraine_2024/checkpoints_corrected/Ukraine_A_bank_2024_ef994714e671.json,evaluations/reruns/country_year_classification_20260630_211343/ukraine_2024/checkpoints/Ukraine_A_bank_2024_ef994714e671.json,1,5,0,0,0.0,0.0,4.0,4.0,0.9529411764705882,False,0,0.0,0,0.0,0
complete_excluding_both_zero_observations,ukraine,2024,Credit Agricole Bank,evaluations/reruns/country_year_classification_20260630_211343/ukraine_2024/checkpoints_corrected/Ukraine_Credit_Agricole_Bank_2024_fb5a2d3629d7.json,evaluations/reruns/country_year_classification_20260630_211343/ukraine_2024/checkpoints/Ukraine_Credit_Agricole_Bank_2024_fb5a2d3629d7.json,1,110,0,0,0.0,0.0,47.0,47.0,0.44705882352941173,False,0,0.0,0,0.0,0
complete_excluding_both_zero_observations,ukraine,2024,Credobank,evaluations/reruns/country_year_classification_20260630_211343/ukraine_2024/checkpoints_corrected/Ukraine_Credobank_2024_54d05641be9e.json,evaluations/reruns/country_year_classification_20260630_211343/ukraine_2024/checkpoints/Ukraine_Credobank_2024_54d05641be9e.json,1,1,0,0,0.0,0.0,3.0,3.0,0.9647058823529412,False,0,0.0,0,0.0,0
complete_excluding_both_zero_observations,ukraine,2024,FUIB,evaluations/reruns/country_year_classification_20260630_211343/ukraine_2024/checkpoints_corrected/Ukraine_FUIB_2024_78f63cebf526.json,evaluations/reruns/country_year_classification_20260630_211343/ukraine_2024/checkpoints/Ukraine_FUIB_2024_78f63cebf526.json,1,67,0,0,0.0,0.0,54.5,54.5,0.35882352941176465,False,0,0.0,0,0.0,0
complete_excluding_both_zero_observations,ukraine,2024,OTP Bank,evaluations/reruns/country_year_classification_20260630_211343/ukraine_2024/checkpoints_corrected/Ukraine_OTP_Bank_2024_d69a7450caf3.json,evaluations/reruns/country_year_classification_20260630_211343/ukraine_2024/checkpoints/Ukraine_OTP_Bank_2024_d69a7450caf3.json,1,97,2,0,0.0,0.0,44.1,44.1,0.4811764705882353,False,2,0.0,0,0.0,0
complete_excluding_both_zero_observations,ukraine,2024,Privatbank,evaluations/reruns/country_year_classification_20260630_211343/ukraine_2024/checkpoints_corrected/Ukraine_Privatbank_2024_4992178b88c3.json,evaluations/reruns/country_year_classification_20260630_211343/ukraine_2024/checkpoints/Ukraine_Privatbank_2024_4992178b88c3.json,1,210,1,0,0.0,0.0,55.0,55.0,0.3529411764705882,False,1,0.0,0,0.0,0
complete_excluding_both_zero_observations,ukraine,2024,Sense Bank,evaluations/reruns/country_year_classification_20260630_211343/ukraine_2024/checkpoints_corrected/Ukraine_Sense_Bank_2024_33d90c40458f.json,evaluations/reruns/country_year_classification_20260630_211343/ukraine_2024/checkpoints/Ukraine_Sense_Bank_2024_33d90c40458f.json,1,107,0,0,0.0,0.0,48.5,48.5,0.4294117647058824,False,0,0.0,0,0.0,0
complete_excluding_both_zero_observations,ukraine,2024,Tascombank,evaluations/reruns/country_year_classification_20260630_211343/ukraine_2024/checkpoints_corrected/Ukraine_Tascombank_2024_ef6fc058532d.json,evaluations/reruns/country_year_classification_20260630_211343/ukraine_2024/checkpoints/Ukraine_Tascombank_2024_ef6fc058532d.json,1,74,0,0,0.0,0.0,22.5,22.5,0.7352941176470589,False,0,0.0,0,0.0,0
complete_excluding_both_zero_observations,ukraine,2024,Ukreximbank,evaluations/reruns/country_year_classification_20260630_211343/ukraine_2024/checkpoints_corrected/Ukraine_Ukreximbank_2024_65db74042185.json,evaluations/reruns/country_year_classification_20260630_211343/ukraine_2024/checkpoints/Ukraine_Ukreximbank_2024_65db74042185.json,1,58,0,0,0.0,0.0,30.0,30.0,0.6470588235294117,False,0,0.0,0,0.0,0
complete_excluding_both_zero_observations,ukraine,2024,Ukrgazbank,evaluations/reruns/country_year_classification_20260630_211343/ukraine_2024/checkpoints_corrected/Ukraine_Ukrgazbank_2024_16e4f0ce2ada.json,evaluations/reruns/country_year_classification_20260630_211343/ukraine_2024/checkpoints/Ukraine_Ukrgazbank_2024_16e4f0ce2ada.json,1,125,2,0,0.0,0.0,45.5,45.5,0.4647058823529412,False,2,0.0,0,0.0,0
complete_excluding_both_zero_observations,ukraine,2024,Ukrsibbank,evaluations/reruns/country_year_classification_20260630_211343/ukraine_2024/checkpoints_corrected/Ukraine_Ukrsibbank_2024_4b92be1e0732.json,evaluations/reruns/country_year_classification_20260630_211343/ukraine_2024/checkpoints/Ukraine_Ukrsibbank_2024_4b92be1e0732.json,2,69,0,0,0.0,0.0,32.5,32.5,0.6176470588235294,False,0,0.0,0,0.0,0
complete_never_both_zero_banks,finland,2019,Danske Bank,evaluations/reruns/country_year_classification_20260630_211343/finland_2019/checkpoints_corrected/Finland_Danske_Bank_2019_eb253047513f.json,evaluations/reruns/country_year_classification_20260630_211343/finland_2019/checkpoints/Finland_Danske_Bank_2019_eb253047513f.json,1,125,3,0,0.0,0.0,36.5,36.5,0.5705882352941176,False,3,0.0,0,0.0,0
complete_never_both_zero_banks,finland,2019,Nordea Bank,evaluations/reruns/country_year_classification_20260630_211343/finland_2019/checkpoints_corrected/Finland_Nordea_Bank_2019_d46b794443cd.json,evaluations/reruns/country_year_classification_20260630_211343/finland_2019/checkpoints/Finland_Nordea_Bank_2019_d46b794443cd.json,1,80,1,0,0.0,0.0,43.0,43.0,0.49411764705882355,False,1,0.0,0,0.0,0
complete_never_both_zero_banks,finland,2019,Oma Säästöpankki,evaluations/reruns/country_year_classification_20260630_211343/finland_2019/checkpoints_corrected/Finland_Oma_Saastopankki_2019_a0ccb5814b3a.json,evaluations/reruns/country_year_classification_20260630_211343/finland_2019/checkpoints/Finland_Oma_Saastopankki_2019_a0ccb5814b3a.json,1,12,0,0,0.0,0.0,27.0,27.0,0.6823529411764706,False,0,0.0,0,0.0,0
complete_never_both_zero_banks,finland,2020,Danske Bank,evaluations/reruns/country_year_classification_20260630_211343/finland_2020/checkpoints_corrected/Finland_Danske_Bank_2020_55763a821214.json,evaluations/reruns/country_year_classification_20260630_211343/finland_2020/checkpoints/Finland_Danske_Bank_2020_55763a821214.json,1,140,20,0,0.0,0.0,39.0,39.0,0.5411764705882354,False,20,1273000000.0,1,1276705000.0,1
complete_never_both_zero_banks,finland,2020,Nordea Bank,evaluations/reruns/country_year_classification_20260630_211343/finland_2020/checkpoints_corrected/Finland_Nordea_Bank_2020_88fbd9974dee.json,evaluations/reruns/country_year_classification_20260630_211343/finland_2020/checkpoints/Finland_Nordea_Bank_2020_88fbd9974dee.json,1,132,3,0,0.0,0.0,49.5,49.5,0.41764705882352937,False,3,0.0,0,0.0,0
complete_never_both_zero_banks,finland,2020,Oma Säästöpankki,evaluations/reruns/country_year_classification_20260630_211343/finland_2020/checkpoints_corrected/Finland_Oma_Saastopankki_2020_128a79983c73.json,evaluations/reruns/country_year_classification_20260630_211343/finland_2020/checkpoints/Finland_Oma_Saastopankki_2020_128a79983c73.json,2,109,1,0,0.0,0.0,36.0,36.0,0.5764705882352941,False,1,0.0,0,0.0,0
complete_never_both_zero_banks,finland,2021,Danske Bank,evaluations/reruns/country_year_classification_20260630_211343/finland_2021/checkpoints_corrected/Finland_Danske_Bank_2021_1c0fdd3b9832.json,evaluations/reruns/country_year_classification_20260630_211343/finland_2021/checkpoints/Finland_Danske_Bank_2021_1c0fdd3b9832.json,1,85,8,0,0.0,0.0,35.0,35.0,0.5882352941176471,False,8,25728000000.0,1,0.0,0
complete_never_both_zero_banks,finland,2021,Nordea Bank,evaluations/reruns/country_year_classification_20260630_211343/finland_2021/checkpoints_corrected/Finland_Nordea_Bank_2021_cea7f28bf70b.json,evaluations/reruns/country_year_classification_20260630_211343/finland_2021/checkpoints/Finland_Nordea_Bank_2021_cea7f28bf70b.json,1,229,9,0,0.0,0.0,56.5,56.5,0.33529411764705885,False,9,400000000.0,1,0.0,0
complete_never_both_zero_banks,finland,2021,Oma Säästöpankki,evaluations/reruns/country_year_classification_20260630_211343/finland_2021/checkpoints_corrected/Finland_Oma_Saastopankki_2021_64db404dd053.json,evaluations/reruns/country_year_classification_20260630_211343/finland_2021/checkpoints/Finland_Oma_Saastopankki_2021_64db404dd053.json,2,177,0,0,0.0,0.0,69.0,69.0,0.18823529411764706,False,0,0.0,0,0.0,0
complete_never_both_zero_banks,finland,2022,Danske Bank,evaluations/reruns/country_year_classification_20260630_211343/finland_2022/checkpoints_corrected/Finland_Danske_Bank_2022_8d7bdaa2258c.json,evaluations/reruns/country_year_classification_20260630_211343/finland_2022/checkpoints/Finland_Danske_Bank_2022_8d7bdaa2258c.json,1,118,9,0,0.0,0.0,69.0,69.0,0.18823529411764706,False,9,0.0,0,0.0,0
complete_never_both_zero_banks,finland,2022,Nordea Bank,evaluations/reruns/country_year_classification_20260630_211343/finland_2022/checkpoints_corrected/Finland_Nordea_Bank_2022_b7ca39cc064e.json,evaluations/reruns/country_year_classification_20260630_211343/finland_2022/checkpoints/Finland_Nordea_Bank_2022_b7ca39cc064e.json,1,256,7,0,0.0,0.0,51.0,51.0,0.4,False,7,0.0,0,0.0,0
complete_never_both_zero_banks,finland,2022,Oma Säästöpankki,evaluations/reruns/country_year_classification_20260630_211343/finland_2022/checkpoints_corrected/Finland_Oma_Saastopankki_2022_a762a365031b.json,evaluations/reruns/country_year_classification_20260630_211343/finland_2022/checkpoints/Finland_Oma_Saastopankki_2022_a762a365031b.json,1,119,0,0,0.0,0.0,43.0,43.0,0.49411764705882355,False,0,0.0,0,0.0,0
complete_never_both_zero_banks,finland,2023,Danske Bank,evaluations/reruns/country_year_classification_20260630_211343/finland_2023/checkpoints_corrected/Finland_Danske_Bank_2023_906c4fa04dc6.json,evaluations/reruns/country_year_classification_20260630_211343/finland_2023/checkpoints/Finland_Danske_Bank_2023_906c4fa04dc6.json,1,245,14,0,0.0,0.0,50.0,50.0,0.4117647058823529,False,14,11839838000.0,3,4475842260.0,2
complete_never_both_zero_banks,finland,2023,Nordea Bank,evaluations/reruns/country_year_classification_20260630_211343/finland_2023/checkpoints_corrected/Finland_Nordea_Bank_2023_213f8e961fff.json,evaluations/reruns/country_year_classification_20260630_211343/finland_2023/checkpoints/Finland_Nordea_Bank_2023_213f8e961fff.json,1,370,13,0,0.0,0.0,63.0,63.0,0.2588235294117647,False,13,0.0,0,0.0,0
complete_never_both_zero_banks,finland,2023,Oma Säästöpankki,evaluations/reruns/country_year_classification_20260630_211343/finland_2023/checkpoints_corrected/Finland_Oma_Saastopankki_2023_10f19bccf497.json,evaluations/reruns/country_year_classification_20260630_211343/finland_2023/checkpoints/Finland_Oma_Saastopankki_2023_10f19bccf497.json,2,226,0,0,0.0,0.0,64.0,64.0,0.24705882352941178,False,0,0.0,0,0.0,0
complete_never_both_zero_banks,finland,2024,Danske Bank,evaluations/reruns/country_year_classification_20260630_211343/finland_2024/checkpoints_corrected/Finland_Danske_Bank_2024_8381f710ffb6.json,evaluations/reruns/country_year_classification_20260630_211343/finland_2024/checkpoints/Finland_Danske_Bank_2024_8381f710ffb6.json,1,383,2,0,0.0,0.0,60.0,60.0,0.2941176470588235,False,2,3965998000.0,2,3968661730.0,2
complete_never_both_zero_banks,finland,2024,Nordea Bank,evaluations/reruns/country_year_classification_20260630_211343/finland_2024/checkpoints_corrected/Finland_Nordea_Bank_2024_fc7e60246401.json,evaluations/reruns/country_year_classification_20260630_211343/finland_2024/checkpoints/Finland_Nordea_Bank_2024_fc7e60246401.json,1,697,3,0,0.0,0.0,65.5,65.5,0.22941176470588232,False,3,0.0,0,0.0,0
complete_never_both_zero_banks,finland,2024,Oma Säästöpankki,evaluations/reruns/country_year_classification_20260630_211343/finland_2024/checkpoints_corrected/Finland_Oma_Saastopankki_2024_41c5cad0a3b3.json,evaluations/reruns/country_year_classification_20260630_211343/finland_2024/checkpoints/Finland_Oma_Saastopankki_2024_41c5cad0a3b3.json,1,300,1,1,6250.0,6250.0,59.0,56.0,0.3411764705882353,False,1,6250.0,1,6250.0,1
complete_never_both_zero_banks,ukraine,2019,A-bank,evaluations/reruns/country_year_classification_20260630_211343/ukraine_2019/checkpoints_corrected/Ukraine_A_bank_2019_5e556d579c8c.json,evaluations/reruns/country_year_classification_20260630_211343/ukraine_2019/checkpoints/Ukraine_A_bank_2019_5e556d579c8c.json,1,58,0,0,0.0,0.0,12.0,12.0,0.8588235294117648,False,0,0.0,0,0.0,0
complete_never_both_zero_banks,ukraine,2019,Credit Agricole Bank,evaluations/reruns/country_year_classification_20260630_211343/ukraine_2019/checkpoints_corrected/Ukraine_Credit_Agricole_Bank_2019_ac5beaa76657.json,evaluations/reruns/country_year_classification_20260630_211343/ukraine_2019/checkpoints/Ukraine_Credit_Agricole_Bank_2019_ac5beaa76657.json,1,49,0,0,0.0,0.0,36.0,36.0,0.5764705882352941,False,0,0.0,0,0.0,0
complete_never_both_zero_banks,ukraine,2019,FUIB,evaluations/reruns/country_year_classification_20260630_211343/ukraine_2019/checkpoints_corrected/Ukraine_FUIB_2019_94567fa78d45.json,evaluations/reruns/country_year_classification_20260630_211343/ukraine_2019/checkpoints/Ukraine_FUIB_2019_94567fa78d45.json,1,66,0,0,0.0,0.0,24.0,24.0,0.7176470588235294,False,0,0.0,0,0.0,0
complete_never_both_zero_banks,ukraine,2019,Privatbank,evaluations/reruns/country_year_classification_20260630_211343/ukraine_2019/checkpoints_corrected/Ukraine_Privatbank_2019_2d0336d56d5e.json,evaluations/reruns/country_year_classification_20260630_211343/ukraine_2019/checkpoints/Ukraine_Privatbank_2019_2d0336d56d5e.json,1,21,0,0,0.0,0.0,13.5,13.5,0.8411764705882353,False,0,0.0,0,0.0,0
complete_never_both_zero_banks,ukraine,2019,Sense Bank,evaluations/reruns/country_year_classification_20260630_211343/ukraine_2019/checkpoints_corrected/Ukraine_Sense_Bank_2019_59ef04bb01aa.json,evaluations/reruns/country_year_classification_20260630_211343/ukraine_2019/checkpoints/Ukraine_Sense_Bank_2019_59ef04bb01aa.json,1,108,0,0,0.0,0.0,25.5,25.5,0.7,False,0,0.0,0,0.0,0
complete_never_both_zero_banks,ukraine,2019,Tascombank,evaluations/reruns/country_year_classification_20260630_211343/ukraine_2019/checkpoints_corrected/Ukraine_Tascombank_2019_d5a0db1ec116.json,evaluations/reruns/country_year_classification_20260630_211343/ukraine_2019/checkpoints/Ukraine_Tascombank_2019_d5a0db1ec116.json,1,22,0,0,0.0,0.0,18.0,18.0,0.788235294117647,False,0,0.0,0,0.0,0
complete_never_both_zero_banks,ukraine,2019,Ukreximbank,evaluations/reruns/country_year_classification_20260630_211343/ukraine_2019/checkpoints_corrected/Ukraine_Ukreximbank_2019_7313e607502d.json,evaluations/reruns/country_year_classification_20260630_211343/ukraine_2019/checkpoints/Ukraine_Ukreximbank_2019_7313e607502d.json,1,39,1,0,0.0,0.0,17.5,17.5,0.7941176470588236,False,1,80000000.0,1,0.0,0
complete_never_both_zero_banks,ukraine,2019,Ukrgazbank,evaluations/reruns/country_year_classification_20260630_211343/ukraine_2019/checkpoints_corrected/Ukraine_Ukrgazbank_2019_c5df46b73eeb.json,evaluations/reruns/country_year_classification_20260630_211343/ukraine_2019/checkpoints/Ukraine_Ukrgazbank_2019_c5df46b73eeb.json,1,58,1,0,0.0,0.0,44.5,44.5,0.4764705882352941,False,1,0.0,0,0.0,0
complete_never_both_zero_banks,ukraine,2019,Ukrsibbank,evaluations/reruns/country_year_classification_20260630_211343/ukraine_2019/checkpoints_corrected/Ukraine_Ukrsibbank_2019_090fd457db80.json,evaluations/reruns/country_year_classification_20260630_211343/ukraine_2019/checkpoints/Ukraine_Ukrsibbank_2019_090fd457db80.json,2,24,0,0,0.0,0.0,17.8,17.8,0.7905882352941176,False,0,0.0,0,0.0,0
complete_never_both_zero_banks,ukraine,2020,A-bank,evaluations/reruns/country_year_classification_20260630_211343/ukraine_2020/checkpoints_corrected/Ukraine_A_bank_2020_00c877d9ebbb.json,evaluations/reruns/country_year_classification_20260630_211343/ukraine_2020/checkpoints/Ukraine_A_bank_2020_00c877d9ebbb.json,1,34,0,0,0.0,0.0,8.0,8.0,0.9058823529411765,False,0,0.0,0,0.0,0
complete_never_both_zero_banks,ukraine,2020,Credit Agricole Bank,evaluations/reruns/country_year_classification_20260630_211343/ukraine_2020/checkpoints_corrected/Ukraine_Credit_Agricole_Bank_2020_07a4898211b4.json,evaluations/reruns/country_year_classification_20260630_211343/ukraine_2020/checkpoints/Ukraine_Credit_Agricole_Bank_2020_07a4898211b4.json,1,68,0,0,0.0,0.0,33.0,33.0,0.611764705882353,False,0,0.0,0,0.0,0
complete_never_both_zero_banks,ukraine,2020,FUIB,evaluations/reruns/country_year_classification_20260630_211343/ukraine_2020/checkpoints_corrected/Ukraine_FUIB_2020_1e5da15310d8.json,evaluations/reruns/country_year_classification_20260630_211343/ukraine_2020/checkpoints/Ukraine_FUIB_2020_1e5da15310d8.json,1,77,0,0,0.0,0.0,22.5,22.5,0.7352941176470589,False,0,0.0,0,0.0,0
complete_never_both_zero_banks,ukraine,2020,Privatbank,evaluations/reruns/country_year_classification_20260630_211343/ukraine_2020/checkpoints_corrected/Ukraine_Privatbank_2020_4fde3f72a27b.json,evaluations/reruns/country_year_classification_20260630_211343/ukraine_2020/checkpoints/Ukraine_Privatbank_2020_4fde3f72a27b.json,1,35,0,0,0.0,0.0,32.0,32.0,0.6235294117647059,False,0,0.0,0,0.0,0
complete_never_both_zero_banks,ukraine,2020,Sense Bank,evaluations/reruns/country_year_classification_20260630_211343/ukraine_2020/checkpoints_corrected/Ukraine_Sense_Bank_2020_0336277606fe.json,evaluations/reruns/country_year_classification_20260630_211343/ukraine_2020/checkpoints/Ukraine_Sense_Bank_2020_0336277606fe.json,1,41,0,0,0.0,0.0,16.5,16.5,0.8058823529411765,False,0,0.0,0,0.0,0
complete_never_both_zero_banks,ukraine,2020,Tascombank,evaluations/reruns/country_year_classification_20260630_211343/ukraine_2020/checkpoints_corrected/Ukraine_Tascombank_2020_f79ae738907f.json,evaluations/reruns/country_year_classification_20260630_211343/ukraine_2020/checkpoints/Ukraine_Tascombank_2020_f79ae738907f.json,1,17,0,0,0.0,0.0,19.0,19.0,0.7764705882352941,False,0,0.0,0,0.0,0
complete_never_both_zero_banks,ukraine,2020,Ukreximbank,evaluations/reruns/country_year_classification_20260630_211343/ukraine_2020/checkpoints_corrected/Ukraine_Ukreximbank_2020_d91b65af2fdc.json,evaluations/reruns/country_year_classification_20260630_211343/ukraine_2020/checkpoints/Ukraine_Ukreximbank_2020_d91b65af2fdc.json,1,72,2,0,0.0,0.0,41.0,41.0,0.5176470588235293,False,2,0.0,0,0.0,0
complete_never_both_zero_banks,ukraine,2020,Ukrgazbank,evaluations/reruns/country_year_classification_20260630_211343/ukraine_2020/checkpoints_corrected/Ukraine_Ukrgazbank_2020_6602b6335bc4.json,evaluations/reruns/country_year_classification_20260630_211343/ukraine_2020/checkpoints/Ukraine_Ukrgazbank_2020_6602b6335bc4.json,1,95,3,0,0.0,0.0,29.0,29.0,0.6588235294117647,False,3,30000000.0,1,30000000.0,1
complete_never_both_zero_banks,ukraine,2020,Ukrsibbank,evaluations/reruns/country_year_classification_20260630_211343/ukraine_2020/checkpoints_corrected/Ukraine_Ukrsibbank_2020_073a1d022e35.json,evaluations/reruns/country_year_classification_20260630_211343/ukraine_2020/checkpoints/Ukraine_Ukrsibbank_2020_073a1d022e35.json,2,10,0,0,0.0,0.0,14.5,14.5,0.8294117647058823,False,0,0.0,0,0.0,0
complete_never_both_zero_banks,ukraine,2021,A-bank,evaluations/reruns/country_year_classification_20260630_211343/ukraine_2021/checkpoints_corrected/Ukraine_A_bank_2021_9cfbf583a155.json,evaluations/reruns/country_year_classification_20260630_211343/ukraine_2021/checkpoints/Ukraine_A_bank_2021_9cfbf583a155.json,1,18,0,0,0.0,0.0,11.0,11.0,0.8705882352941177,False,0,0.0,0,0.0,0
complete_never_both_zero_banks,ukraine,2021,Credit Agricole Bank,evaluations/reruns/country_year_classification_20260630_211343/ukraine_2021/checkpoints_corrected/Ukraine_Credit_Agricole_Bank_2021_61f28bbb122a.json,evaluations/reruns/country_year_classification_20260630_211343/ukraine_2021/checkpoints/Ukraine_Credit_Agricole_Bank_2021_61f28bbb122a.json,1,50,0,0,0.0,0.0,35.0,35.0,0.5882352941176471,False,0,0.0,0,0.0,0
complete_never_both_zero_banks,ukraine,2021,FUIB,evaluations/reruns/country_year_classification_20260630_211343/ukraine_2021/checkpoints_corrected/Ukraine_FUIB_2021_8c8842965ab1.json,evaluations/reruns/country_year_classification_20260630_211343/ukraine_2021/checkpoints/Ukraine_FUIB_2021_8c8842965ab1.json,1,39,0,0,0.0,0.0,22.0,22.0,0.7411764705882353,False,0,0.0,0,0.0,0
complete_never_both_zero_banks,ukraine,2021,Privatbank,evaluations/reruns/country_year_classification_20260630_211343/ukraine_2021/checkpoints_corrected/Ukraine_Privatbank_2021_3589d03984a4.json,evaluations/reruns/country_year_classification_20260630_211343/ukraine_2021/checkpoints/Ukraine_Privatbank_2021_3589d03984a4.json,1,26,0,0,0.0,0.0,23.0,23.0,0.7294117647058824,False,0,0.0,0,0.0,0
complete_never_both_zero_banks,ukraine,2021,Sense Bank,evaluations/reruns/country_year_classification_20260630_211343/ukraine_2021/checkpoints_corrected/Ukraine_Sense_Bank_2021_d3f60438609d.json,evaluations/reruns/country_year_classification_20260630_211343/ukraine_2021/checkpoints/Ukraine_Sense_Bank_2021_d3f60438609d.json,1,47,2,0,0.0,0.0,28.0,28.0,0.6705882352941177,False,2,43413.08,2,58499.13,2
complete_never_both_zero_banks,ukraine,2021,Tascombank,evaluations/reruns/country_year_classification_20260630_211343/ukraine_2021/checkpoints_corrected/Ukraine_Tascombank_2021_30df69091e1e.json,evaluations/reruns/country_year_classification_20260630_211343/ukraine_2021/checkpoints/Ukraine_Tascombank_2021_30df69091e1e.json,1,26,0,0,0.0,0.0,14.0,14.0,0.8352941176470589,False,0,0.0,0,0.0,0
complete_never_both_zero_banks,ukraine,2021,Ukreximbank,evaluations/reruns/country_year_classification_20260630_211343/ukraine_2021/checkpoints_corrected/Ukraine_Ukreximbank_2021_f68690d4b7d8.json,evaluations/reruns/country_year_classification_20260630_211343/ukraine_2021/checkpoints/Ukraine_Ukreximbank_2021_f68690d4b7d8.json,1,63,0,0,0.0,0.0,35.5,35.5,0.5823529411764705,False,0,0.0,0,0.0,0
complete_never_both_zero_banks,ukraine,2021,Ukrgazbank,evaluations/reruns/country_year_classification_20260630_211343/ukraine_2021/checkpoints_corrected/Ukraine_Ukrgazbank_2021_def6b26420b5.json,evaluations/reruns/country_year_classification_20260630_211343/ukraine_2021/checkpoints/Ukraine_Ukrgazbank_2021_def6b26420b5.json,1,97,4,0,0.0,0.0,39.0,39.0,0.5411764705882354,False,4,1095600000.0,3,0.0,0
complete_never_both_zero_banks,ukraine,2021,Ukrsibbank,evaluations/reruns/country_year_classification_20260630_211343/ukraine_2021/checkpoints_corrected/Ukraine_Ukrsibbank_2021_dce7fa26bb7a.json,evaluations/reruns/country_year_classification_20260630_211343/ukraine_2021/checkpoints/Ukraine_Ukrsibbank_2021_dce7fa26bb7a.json,2,34,0,0,0.0,0.0,23.5,23.5,0.7235294117647059,False,0,0.0,0,0.0,0
complete_never_both_zero_banks,ukraine,2022,A-bank,evaluations/reruns/country_year_classification_20260630_211343/ukraine_2022/checkpoints_corrected/Ukraine_A_bank_2022_f4646ec7af20.json,evaluations/reruns/country_year_classification_20260630_211343/ukraine_2022/checkpoints/Ukraine_A_bank_2022_f4646ec7af20.json,1,72,0,0,0.0,0.0,28.5,28.5,0.6647058823529413,False,0,0.0,0,0.0,0
complete_never_both_zero_banks,ukraine,2022,Credit Agricole Bank,evaluations/reruns/country_year_classification_20260630_211343/ukraine_2022/checkpoints_corrected/Ukraine_Credit_Agricole_Bank_2022_12f01592aa99.json,evaluations/reruns/country_year_classification_20260630_211343/ukraine_2022/checkpoints/Ukraine_Credit_Agricole_Bank_2022_12f01592aa99.json,1,92,0,0,0.0,0.0,44.0,44.0,0.48235294117647054,False,0,0.0,0,0.0,0
complete_never_both_zero_banks,ukraine,2022,FUIB,evaluations/reruns/country_year_classification_20260630_211343/ukraine_2022/checkpoints_corrected/Ukraine_FUIB_2022_d72a53103c68.json,evaluations/reruns/country_year_classification_20260630_211343/ukraine_2022/checkpoints/Ukraine_FUIB_2022_d72a53103c68.json,1,57,0,0,0.0,0.0,22.0,22.0,0.7411764705882353,False,0,0.0,0,0.0,0
complete_never_both_zero_banks,ukraine,2022,Privatbank,evaluations/reruns/country_year_classification_20260630_211343/ukraine_2022/checkpoints_corrected/Ukraine_Privatbank_2022_1908ee146f43.json,evaluations/reruns/country_year_classification_20260630_211343/ukraine_2022/checkpoints/Ukraine_Privatbank_2022_1908ee146f43.json,1,42,0,0,0.0,0.0,27.0,27.0,0.6823529411764706,False,0,0.0,0,0.0,0
complete_never_both_zero_banks,ukraine,2022,Sense Bank,evaluations/reruns/country_year_classification_20260630_211343/ukraine_2022/checkpoints_corrected/Ukraine_Sense_Bank_2022_8bdd3d0ee1d3.json,evaluations/reruns/country_year_classification_20260630_211343/ukraine_2022/checkpoints/Ukraine_Sense_Bank_2022_8bdd3d0ee1d3.json,1,52,1,0,0.0,0.0,29.0,29.0,0.6588235294117647,False,1,41857.77,1,44770.38,1
complete_never_both_zero_banks,ukraine,2022,Tascombank,evaluations/reruns/country_year_classification_20260630_211343/ukraine_2022/checkpoints_corrected/Ukraine_Tascombank_2022_f6add08b0448.json,evaluations/reruns/country_year_classification_20260630_211343/ukraine_2022/checkpoints/Ukraine_Tascombank_2022_f6add08b0448.json,1,16,0,0,0.0,0.0,13.0,13.0,0.8470588235294118,False,0,0.0,0,0.0,0
complete_never_both_zero_banks,ukraine,2022,Ukreximbank,evaluations/reruns/country_year_classification_20260630_211343/ukraine_2022/checkpoints_corrected/Ukraine_Ukreximbank_2022_adeecd6d4fda.json,evaluations/reruns/country_year_classification_20260630_211343/ukraine_2022/checkpoints/Ukraine_Ukreximbank_2022_adeecd6d4fda.json,1,66,2,0,0.0,0.0,34.0,34.0,0.6,False,2,125503704.0,2,0.0,0
complete_never_both_zero_banks,ukraine,2022,Ukrgazbank,evaluations/reruns/country_year_classification_20260630_211343/ukraine_2022/checkpoints_corrected/Ukraine_Ukrgazbank_2022_08a439331c72.json,evaluations/reruns/country_year_classification_20260630_211343/ukraine_2022/checkpoints/Ukraine_Ukrgazbank_2022_08a439331c72.json,1,45,0,0,0.0,0.0,19.0,19.0,0.7764705882352941,False,0,0.0,0,0.0,0
complete_never_both_zero_banks,ukraine,2022,Ukrsibbank,evaluations/reruns/country_year_classification_20260630_211343/ukraine_2022/checkpoints_corrected/Ukraine_Ukrsibbank_2022_c232147c1a1c.json,evaluations/reruns/country_year_classification_20260630_211343/ukraine_2022/checkpoints/Ukraine_Ukrsibbank_2022_c232147c1a1c.json,2,39,0,0,0.0,0.0,14.0,14.0,0.8352941176470589,False,0,0.0,0,0.0,0
complete_never_both_zero_banks,ukraine,2023,A-bank,evaluations/reruns/country_year_classification_20260630_211343/ukraine_2023/checkpoints_corrected/Ukraine_A_bank_2023_22ab43953fd8.json,evaluations/reruns/country_year_classification_20260630_211343/ukraine_2023/checkpoints/Ukraine_A_bank_2023_22ab43953fd8.json,1,14,0,0,0.0,0.0,18.0,18.0,0.788235294117647,False,0,0.0,0,0.0,0
complete_never_both_zero_banks,ukraine,2023,Credit Agricole Bank,evaluations/reruns/country_year_classification_20260630_211343/ukraine_2023/checkpoints_corrected/Ukraine_Credit_Agricole_Bank_2023_38edaa4912dd.json,evaluations/reruns/country_year_classification_20260630_211343/ukraine_2023/checkpoints/Ukraine_Credit_Agricole_Bank_2023_38edaa4912dd.json,1,105,0,0,0.0,0.0,37.0,37.0,0.5647058823529412,False,0,0.0,0,0.0,0
complete_never_both_zero_banks,ukraine,2023,FUIB,evaluations/reruns/country_year_classification_20260630_211343/ukraine_2023/checkpoints_corrected/Ukraine_FUIB_2023_0edb3adc84e7.json,evaluations/reruns/country_year_classification_20260630_211343/ukraine_2023/checkpoints/Ukraine_FUIB_2023_0edb3adc84e7.json,1,58,0,0,0.0,0.0,16.5,16.5,0.8058823529411765,False,0,0.0,0,0.0,0
complete_never_both_zero_banks,ukraine,2023,Privatbank,evaluations/reruns/country_year_classification_20260630_211343/ukraine_2023/checkpoints_corrected/Ukraine_Privatbank_2023_c781274e7ed9.json,evaluations/reruns/country_year_classification_20260630_211343/ukraine_2023/checkpoints/Ukraine_Privatbank_2023_c781274e7ed9.json,1,159,0,0,0.0,0.0,38.0,38.0,0.5529411764705883,False,0,0.0,0,0.0,0
complete_never_both_zero_banks,ukraine,2023,Sense Bank,evaluations/reruns/country_year_classification_20260630_211343/ukraine_2023/checkpoints_corrected/Ukraine_Sense_Bank_2023_2beaac8df163.json,evaluations/reruns/country_year_classification_20260630_211343/ukraine_2023/checkpoints/Ukraine_Sense_Bank_2023_2beaac8df163.json,1,106,3,1,781.77,1563.54,38.5,33.5,0.6058823529411765,False,3,64896.0,2,64057.76,2
complete_never_both_zero_banks,ukraine,2023,Tascombank,evaluations/reruns/country_year_classification_20260630_211343/ukraine_2023/checkpoints_corrected/Ukraine_Tascombank_2023_f4434c4f64c6.json,evaluations/reruns/country_year_classification_20260630_211343/ukraine_2023/checkpoints/Ukraine_Tascombank_2023_f4434c4f64c6.json,1,17,0,0,0.0,0.0,7.5,7.5,0.9117647058823529,False,0,0.0,0,0.0,0
complete_never_both_zero_banks,ukraine,2023,Ukreximbank,evaluations/reruns/country_year_classification_20260630_211343/ukraine_2023/checkpoints_corrected/Ukraine_Ukreximbank_2023_d0d9f263e3a8.json,evaluations/reruns/country_year_classification_20260630_211343/ukraine_2023/checkpoints/Ukraine_Ukreximbank_2023_d0d9f263e3a8.json,1,116,1,0,0.0,0.0,39.0,39.0,0.5411764705882354,False,1,0.0,0,0.0,0
complete_never_both_zero_banks,ukraine,2023,Ukrgazbank,evaluations/reruns/country_year_classification_20260630_211343/ukraine_2023/checkpoints_corrected/Ukraine_Ukrgazbank_2023_62d06560bcdb.json,evaluations/reruns/country_year_classification_20260630_211343/ukraine_2023/checkpoints/Ukraine_Ukrgazbank_2023_62d06560bcdb.json,1,203,1,0,0.0,0.0,60.0,60.0,0.2941176470588235,False,1,72000000.0,1,71070000.0,1
complete_never_both_zero_banks,ukraine,2023,Ukrsibbank,evaluations/reruns/country_year_classification_20260630_211343/ukraine_2023/checkpoints_corrected/Ukraine_Ukrsibbank_2023_a246ee84a629.json,evaluations/reruns/country_year_classification_20260630_211343/ukraine_2023/checkpoints/Ukraine_Ukrsibbank_2023_a246ee84a629.json,2,103,0,0,0.0,0.0,55.0,55.0,0.3529411764705882,False,0,0.0,0,0.0,0
complete_never_both_zero_banks,ukraine,2024,A-bank,evaluations/reruns/country_year_classification_20260630_211343/ukraine_2024/checkpoints_corrected/Ukraine_A_bank_2024_ef994714e671.json,evaluations/reruns/country_year_classification_20260630_211343/ukraine_2024/checkpoints/Ukraine_A_bank_2024_ef994714e671.json,1,5,0,0,0.0,0.0,4.0,4.0,0.9529411764705882,False,0,0.0,0,0.0,0
complete_never_both_zero_banks,ukraine,2024,Credit Agricole Bank,evaluations/reruns/country_year_classification_20260630_211343/ukraine_2024/checkpoints_corrected/Ukraine_Credit_Agricole_Bank_2024_fb5a2d3629d7.json,evaluations/reruns/country_year_classification_20260630_211343/ukraine_2024/checkpoints/Ukraine_Credit_Agricole_Bank_2024_fb5a2d3629d7.json,1,110,0,0,0.0,0.0,47.0,47.0,0.44705882352941173,False,0,0.0,0,0.0,0
complete_never_both_zero_banks,ukraine,2024,FUIB,evaluations/reruns/country_year_classification_20260630_211343/ukraine_2024/checkpoints_corrected/Ukraine_FUIB_2024_78f63cebf526.json,evaluations/reruns/country_year_classification_20260630_211343/ukraine_2024/checkpoints/Ukraine_FUIB_2024_78f63cebf526.json,1,67,0,0,0.0,0.0,54.5,54.5,0.35882352941176465,False,0,0.0,0,0.0,0
complete_never_both_zero_banks,ukraine,2024,Privatbank,evaluations/reruns/country_year_classification_20260630_211343/ukraine_2024/checkpoints_corrected/Ukraine_Privatbank_2024_4992178b88c3.json,evaluations/reruns/country_year_classification_20260630_211343/ukraine_2024/checkpoints/Ukraine_Privatbank_2024_4992178b88c3.json,1,210,1,0,0.0,0.0,55.0,55.0,0.3529411764705882,False,1,0.0,0,0.0,0
complete_never_both_zero_banks,ukraine,2024,Sense Bank,evaluations/reruns/country_year_classification_20260630_211343/ukraine_2024/checkpoints_corrected/Ukraine_Sense_Bank_2024_33d90c40458f.json,evaluations/reruns/country_year_classification_20260630_211343/ukraine_2024/checkpoints/Ukraine_Sense_Bank_2024_33d90c40458f.json,1,107,0,0,0.0,0.0,48.5,48.5,0.4294117647058824,False,0,0.0,0,0.0,0
complete_never_both_zero_banks,ukraine,2024,Tascombank,evaluations/reruns/country_year_classification_20260630_211343/ukraine_2024/checkpoints_corrected/Ukraine_Tascombank_2024_ef6fc058532d.json,evaluations/reruns/country_year_classification_20260630_211343/ukraine_2024/checkpoints/Ukraine_Tascombank_2024_ef6fc058532d.json,1,74,0,0,0.0,0.0,22.5,22.5,0.7352941176470589,False,0,0.0,0,0.0,0
complete_never_both_zero_banks,ukraine,2024,Ukreximbank,evaluations/reruns/country_year_classification_20260630_211343/ukraine_2024/checkpoints_corrected/Ukraine_Ukreximbank_2024_65db74042185.json,evaluations/reruns/country_year_classification_20260630_211343/ukraine_2024/checkpoints/Ukraine_Ukreximbank_2024_65db74042185.json,1,58,0,0,0.0,0.0,30.0,30.0,0.6470588235294117,False,0,0.0,0,0.0,0
complete_never_both_zero_banks,ukraine,2024,Ukrgazbank,evaluations/reruns/country_year_classification_20260630_211343/ukraine_2024/checkpoints_corrected/Ukraine_Ukrgazbank_2024_16e4f0ce2ada.json,evaluations/reruns/country_year_classification_20260630_211343/ukraine_2024/checkpoints/Ukraine_Ukrgazbank_2024_16e4f0ce2ada.json,1,125,2,0,0.0,0.0,45.5,45.5,0.4647058823529412,False,2,0.0,0,0.0,0
complete_never_both_zero_banks,ukraine,2024,Ukrsibbank,evaluations/reruns/country_year_classification_20260630_211343/ukraine_2024/checkpoints_corrected/Ukraine_Ukrsibbank_2024_4b92be1e0732.json,evaluations/reruns/country_year_classification_20260630_211343/ukraine_2024/checkpoints/Ukraine_Ukrsibbank_2024_4b92be1e0732.json,2,69,0,0,0.0,0.0,32.5,32.5,0.6176470588235294,False,0,0.0,0,0.0,0
