panel,country,year,enrolled_complete_banks,both_zero_observations_excluded,balanced_panel_guaranteed,banks,non_silent_banks,silent_banks,retained_mentions,financial_items,eligible_rows,eligible_unique_amount_eur,tagged_exposure_total_eur,mean_M_all,mean_AS_all,mean_AS_non_silent,pearson_AS_retained_mentions_non_silent,pearson_n
complete_including_both_zero,finland,2019,3,False,True,3,3,0,217,4,0,0.0,0.0,35.5,0.5823529411764706,0.5823529411764706,-0.680474008443175,3
complete_including_both_zero,finland,2020,3,False,True,3,3,0,381,24,0,0.0,0.0,41.5,0.5117647058823529,0.5117647058823529,-0.4667686688939707,3
complete_including_both_zero,finland,2021,3,False,True,3,3,0,491,17,0,0.0,0.0,53.5,0.37058823529411766,0.37058823529411766,-0.7408092461810385,3
complete_including_both_zero,finland,2022,3,False,True,3,3,0,493,16,0,0.0,0.0,54.333333333333336,0.36078431372549025,0.36078431372549025,0.22292166880377687,3
complete_including_both_zero,finland,2023,3,False,True,3,3,0,841,27,0,0.0,0.0,59.0,0.30588235294117644,0.30588235294117644,-0.33141531379191086,3
complete_including_both_zero,finland,2024,3,False,True,3,3,0,1380,6,1,6250.0,6250.0,60.5,0.28823529411764703,0.28823529411764703,-0.9729353925791135,3
complete_including_both_zero,ukraine,2019,11,False,True,11,10,1,483,2,0,0.0,0.0,20.89090909090909,0.7542245989304813,0.7296470588235294,-0.357365023761901,10
complete_including_both_zero,ukraine,2020,11,False,True,11,9,2,449,5,0,0.0,0.0,19.59090909090909,0.7695187165775401,0.7183006535947712,-0.5969757614435923,9
complete_including_both_zero,ukraine,2021,11,False,True,11,11,0,502,6,0,0.0,0.0,26.681818181818183,0.6860962566844919,0.6860962566844919,-0.8407650528019597,11
complete_including_both_zero,ukraine,2022,11,False,True,11,11,0,581,3,0,0.0,0.0,26.863636363636363,0.6839572192513369,0.6839572192513369,-0.8161975913722542,11
complete_including_both_zero,ukraine,2023,11,False,True,11,11,0,1058,5,1,781.77,1563.54,33.59090909090909,0.604812834224599,0.604812834224599,-0.8392278267559518,11
complete_including_both_zero,ukraine,2024,11,False,True,11,11,0,923,5,0,0.0,0.0,35.14545454545455,0.5865240641711229,0.5865240641711229,-0.8138503367566878,11
complete_excluding_both_zero_observations,finland,2019,3,True,False,3,3,0,217,4,0,0.0,0.0,35.5,0.5823529411764706,0.5823529411764706,-0.680474008443175,3
complete_excluding_both_zero_observations,finland,2020,3,True,False,3,3,0,381,24,0,0.0,0.0,41.5,0.5117647058823529,0.5117647058823529,-0.4667686688939707,3
complete_excluding_both_zero_observations,finland,2021,3,True,False,3,3,0,491,17,0,0.0,0.0,53.5,0.37058823529411766,0.37058823529411766,-0.7408092461810385,3
complete_excluding_both_zero_observations,finland,2022,3,True,False,3,3,0,493,16,0,0.0,0.0,54.333333333333336,0.36078431372549025,0.36078431372549025,0.22292166880377687,3
complete_excluding_both_zero_observations,finland,2023,3,True,False,3,3,0,841,27,0,0.0,0.0,59.0,0.30588235294117644,0.30588235294117644,-0.33141531379191086,3
complete_excluding_both_zero_observations,finland,2024,3,True,False,3,3,0,1380,6,1,6250.0,6250.0,60.5,0.28823529411764703,0.28823529411764703,-0.9729353925791135,3
complete_excluding_both_zero_observations,ukraine,2019,11,True,False,10,10,0,483,2,0,0.0,0.0,22.98,0.7296470588235294,0.7296470588235294,-0.357365023761901,10
complete_excluding_both_zero_observations,ukraine,2020,11,True,False,9,9,0,449,5,0,0.0,0.0,23.944444444444443,0.7183006535947712,0.7183006535947712,-0.5969757614435923,9
complete_excluding_both_zero_observations,ukraine,2021,11,True,False,11,11,0,502,6,0,0.0,0.0,26.681818181818183,0.6860962566844919,0.6860962566844919,-0.8407650528019597,11
complete_excluding_both_zero_observations,ukraine,2022,11,True,False,11,11,0,581,3,0,0.0,0.0,26.863636363636363,0.6839572192513369,0.6839572192513369,-0.8161975913722542,11
complete_excluding_both_zero_observations,ukraine,2023,11,True,False,11,11,0,1058,5,1,781.77,1563.54,33.59090909090909,0.604812834224599,0.604812834224599,-0.8392278267559518,11
complete_excluding_both_zero_observations,ukraine,2024,11,True,False,11,11,0,923,5,0,0.0,0.0,35.14545454545455,0.5865240641711229,0.5865240641711229,-0.8138503367566878,11
complete_never_both_zero_banks,finland,2019,3,False,True,3,3,0,217,4,0,0.0,0.0,35.5,0.5823529411764706,0.5823529411764706,-0.680474008443175,3
complete_never_both_zero_banks,finland,2020,3,False,True,3,3,0,381,24,0,0.0,0.0,41.5,0.5117647058823529,0.5117647058823529,-0.4667686688939707,3
complete_never_both_zero_banks,finland,2021,3,False,True,3,3,0,491,17,0,0.0,0.0,53.5,0.37058823529411766,0.37058823529411766,-0.7408092461810385,3
complete_never_both_zero_banks,finland,2022,3,False,True,3,3,0,493,16,0,0.0,0.0,54.333333333333336,0.36078431372549025,0.36078431372549025,0.22292166880377687,3
complete_never_both_zero_banks,finland,2023,3,False,True,3,3,0,841,27,0,0.0,0.0,59.0,0.30588235294117644,0.30588235294117644,-0.33141531379191086,3
complete_never_both_zero_banks,finland,2024,3,False,True,3,3,0,1380,6,1,6250.0,6250.0,60.5,0.28823529411764703,0.28823529411764703,-0.9729353925791135,3
complete_never_both_zero_banks,ukraine,2019,9,False,True,9,9,0,445,2,0,0.0,0.0,23.200000000000003,0.7270588235294118,0.7270588235294118,-0.35215345660675956,9
complete_never_both_zero_banks,ukraine,2020,9,False,True,9,9,0,449,5,0,0.0,0.0,23.944444444444443,0.7183006535947712,0.7183006535947712,-0.5969757614435923,9
complete_never_both_zero_banks,ukraine,2021,9,False,True,9,9,0,400,6,0,0.0,0.0,25.666666666666668,0.6980392156862745,0.6980392156862745,-0.8786220174522807,9
complete_never_both_zero_banks,ukraine,2022,9,False,True,9,9,0,481,3,0,0.0,0.0,25.61111111111111,0.6986928104575163,0.6986928104575163,-0.8863306143911752,9
complete_never_both_zero_banks,ukraine,2023,9,False,True,9,9,0,881,5,1,781.77,1563.54,33.833333333333336,0.6019607843137256,0.6019607843137256,-0.8576081443491212,9
complete_never_both_zero_banks,ukraine,2024,9,False,True,9,9,0,825,3,0,0.0,0.0,37.72222222222222,0.5562091503267974,0.5562091503267974,-0.7530638198168144,9
