variant,priority_threshold,inclusion,allocation,score_scale,country,year,banks,non_silent_banks,silent_banks,retained_mentions,financial_items,eligible_rows,eligible_unique_amount_eur,tagged_exposure_total_eur,mean_M_all,mean_AS_all,mean_AS_non_silent,pearson_AS_retained_mentions_non_silent,pearson_n,mean_normalized_alignment_defined,normalized_alignment_defined_banks
primary,3,strict_primary,full_per_distinct_tag,AS_M_over_85,finland,2019,4,4,0,292,4,0,0.0,0.0,36.125,0.575,0.575,-0.673570628202644,4,,0
primary,3,strict_primary,full_per_distinct_tag,AS_M_over_85,finland,2020,11,11,0,1244,40,0,0.0,0.0,38.74545454545454,0.5441711229946524,0.5441711229946524,-0.7668414586339715,11,,0
primary,3,strict_primary,full_per_distinct_tag,AS_M_over_85,finland,2021,9,9,0,1225,34,0,0.0,0.0,49.611111111111114,0.41633986928104577,0.41633986928104577,-0.819018695172244,9,,0
primary,3,strict_primary,full_per_distinct_tag,AS_M_over_85,finland,2022,11,10,1,1464,38,0,0.0,0.0,44.97272727272727,0.4709090909090909,0.418,-0.6979236055349717,10,,0
primary,3,strict_primary,full_per_distinct_tag,AS_M_over_85,finland,2023,11,10,1,2302,56,0,0.0,0.0,48.04545454545455,0.43475935828877005,0.37823529411764706,-0.8090517093987171,10,,0
primary,3,strict_primary,full_per_distinct_tag,AS_M_over_85,finland,2024,11,11,0,4012,22,1,6250.0,6250.0,55.27272727272727,0.34973262032085556,0.34973262032085556,-0.7704659439580499,11,,0
primary,3,strict_primary,full_per_distinct_tag,AS_M_over_85,ukraine,2019,15,14,1,687,7,0,0.0,0.0,21.32,0.7491764705882353,0.7312605042016808,-0.3819840676910111,14,,0
primary,3,strict_primary,full_per_distinct_tag,AS_M_over_85,ukraine,2020,14,12,2,603,5,0,0.0,0.0,19.914285714285715,0.7657142857142858,0.7266666666666667,-0.5954398317332582,12,,0
primary,3,strict_primary,full_per_distinct_tag,AS_M_over_85,ukraine,2021,15,15,0,826,10,0,0.0,0.0,28.233333333333334,0.667843137254902,0.667843137254902,-0.7208540910310413,15,,0
primary,3,strict_primary,full_per_distinct_tag,AS_M_over_85,ukraine,2022,15,15,0,852,6,0,0.0,0.0,27.1,0.6811764705882354,0.6811764705882354,-0.8636232354542397,15,,0
primary,3,strict_primary,full_per_distinct_tag,AS_M_over_85,ukraine,2023,13,13,0,1232,5,1,781.77,1563.54,32.92307692307692,0.6126696832579186,0.6126696832579186,-0.8452261763380541,13,,0
primary,3,strict_primary,full_per_distinct_tag,AS_M_over_85,ukraine,2024,13,13,0,1324,11,0,0.0,0.0,38.66153846153846,0.545158371040724,0.545158371040724,-0.8318009431187172,13,,0
legacy_inclusion,3,cached_legacy,full_per_distinct_tag,AS_M_over_85,finland,2019,4,4,0,292,4,0,0.0,0.0,36.125,0.575,0.575,-0.673570628202644,4,,0
legacy_inclusion,3,cached_legacy,full_per_distinct_tag,AS_M_over_85,finland,2020,11,11,0,1244,40,4,1320005000.0,2636710000.0,37.836363636363636,0.5548663101604278,0.5548663101604278,-0.7888669089754723,11,,0
legacy_inclusion,3,cached_legacy,full_per_distinct_tag,AS_M_over_85,finland,2021,9,9,0,1225,34,3,43934000.0,87868000.0,47.94444444444444,0.43594771241830066,0.43594771241830066,-0.8461450683106095,9,,0
legacy_inclusion,3,cached_legacy,full_per_distinct_tag,AS_M_over_85,finland,2022,11,10,1,1464,38,5,2581486500.0,5162973000.0,43.60909090909091,0.486951871657754,0.4356470588235294,-0.6689666842896241,10,,0
legacy_inclusion,3,cached_legacy,full_per_distinct_tag,AS_M_over_85,finland,2023,11,10,1,2302,56,9,6355342260.0,11210684520.0,46.22727272727273,0.4561497326203208,0.4017647058823529,-0.7827506704094069,10,,0
legacy_inclusion,3,cached_legacy,full_per_distinct_tag,AS_M_over_85,finland,2024,11,11,0,4012,22,5,4723667980.0,9447335960.0,54.18181818181818,0.3625668449197861,0.3625668449197861,-0.7418350229479906,11,,0
legacy_inclusion,3,cached_legacy,full_per_distinct_tag,AS_M_over_85,ukraine,2019,15,14,1,687,7,0,0.0,0.0,21.32,0.7491764705882353,0.7312605042016808,-0.3819840676910111,14,,0
legacy_inclusion,3,cached_legacy,full_per_distinct_tag,AS_M_over_85,ukraine,2020,14,12,2,603,5,1,30000000.0,60000000.0,19.557142857142857,0.7699159663865547,0.7315686274509804,-0.5200158373269654,12,,0
legacy_inclusion,3,cached_legacy,full_per_distinct_tag,AS_M_over_85,ukraine,2021,15,15,0,826,10,3,176358499.13,352658499.13,27.997952294333267,0.6706123259490204,0.6706123259490204,-0.7240207006208783,15,,0
legacy_inclusion,3,cached_legacy,full_per_distinct_tag,AS_M_over_85,ukraine,2022,15,15,0,852,6,1,44770.38,44770.38,27.033333333333335,0.6819607843137255,0.6819607843137255,-0.8655223401647858,15,,0
legacy_inclusion,3,cached_legacy,full_per_distinct_tag,AS_M_over_85,ukraine,2023,13,13,0,1232,5,3,71134057.76,142266480.91,32.53846153846154,0.6171945701357466,0.6171945701357466,-0.825655446198599,13,,0
legacy_inclusion,3,cached_legacy,full_per_distinct_tag,AS_M_over_85,ukraine,2024,13,13,0,1324,11,0,0.0,0.0,38.66153846153846,0.545158371040724,0.545158371040724,-0.8318009431187172,13,,0
fractional_sdg_allocation,3,strict_primary,fractional_per_distinct_tag,AS_M_over_85,finland,2019,4,4,0,292,4,0,0.0,0.0,36.125,0.575,0.575,-0.673570628202644,4,,0
fractional_sdg_allocation,3,strict_primary,fractional_per_distinct_tag,AS_M_over_85,finland,2020,11,11,0,1244,40,0,0.0,0.0,38.74545454545454,0.5441711229946524,0.5441711229946524,-0.7668414586339715,11,,0
fractional_sdg_allocation,3,strict_primary,fractional_per_distinct_tag,AS_M_over_85,finland,2021,9,9,0,1225,34,0,0.0,0.0,49.611111111111114,0.41633986928104577,0.41633986928104577,-0.819018695172244,9,,0
fractional_sdg_allocation,3,strict_primary,fractional_per_distinct_tag,AS_M_over_85,finland,2022,11,10,1,1464,38,0,0.0,0.0,44.97272727272727,0.4709090909090909,0.418,-0.6979236055349717,10,,0
fractional_sdg_allocation,3,strict_primary,fractional_per_distinct_tag,AS_M_over_85,finland,2023,11,10,1,2302,56,0,0.0,0.0,48.04545454545455,0.43475935828877005,0.37823529411764706,-0.8090517093987171,10,,0
fractional_sdg_allocation,3,strict_primary,fractional_per_distinct_tag,AS_M_over_85,finland,2024,11,11,0,4012,22,1,6250.0,6250.0,55.27272727272727,0.34973262032085556,0.34973262032085556,-0.7704659439580499,11,,0
fractional_sdg_allocation,3,strict_primary,fractional_per_distinct_tag,AS_M_over_85,ukraine,2019,15,14,1,687,7,0,0.0,0.0,21.32,0.7491764705882353,0.7312605042016808,-0.3819840676910111,14,,0
fractional_sdg_allocation,3,strict_primary,fractional_per_distinct_tag,AS_M_over_85,ukraine,2020,14,12,2,603,5,0,0.0,0.0,19.914285714285715,0.7657142857142858,0.7266666666666667,-0.5954398317332582,12,,0
fractional_sdg_allocation,3,strict_primary,fractional_per_distinct_tag,AS_M_over_85,ukraine,2021,15,15,0,826,10,0,0.0,0.0,28.233333333333334,0.667843137254902,0.667843137254902,-0.7208540910310413,15,,0
fractional_sdg_allocation,3,strict_primary,fractional_per_distinct_tag,AS_M_over_85,ukraine,2022,15,15,0,852,6,0,0.0,0.0,27.1,0.6811764705882354,0.6811764705882354,-0.8636232354542397,15,,0
fractional_sdg_allocation,3,strict_primary,fractional_per_distinct_tag,AS_M_over_85,ukraine,2023,13,13,0,1232,5,1,781.77,781.77,32.92307692307692,0.6126696832579186,0.6126696832579186,-0.8452261763380541,13,,0
fractional_sdg_allocation,3,strict_primary,fractional_per_distinct_tag,AS_M_over_85,ukraine,2024,13,13,0,1324,11,0,0.0,0.0,38.66153846153846,0.545158371040724,0.545158371040724,-0.8318009431187172,13,,0
threshold_ge_2,2,strict_primary,full_per_distinct_tag,AS_M_over_85,finland,2019,4,4,0,300,4,0,0.0,0.0,38.125,0.5514705882352942,0.5514705882352942,-0.6732807549623201,4,,0
threshold_ge_2,2,strict_primary,full_per_distinct_tag,AS_M_over_85,finland,2020,11,11,0,1328,40,0,0.0,0.0,45.88181818181818,0.4602139037433155,0.4602139037433155,-0.7120771268413052,11,,0
threshold_ge_2,2,strict_primary,full_per_distinct_tag,AS_M_over_85,finland,2021,9,9,0,1260,34,0,0.0,0.0,53.27777777777778,0.373202614379085,0.373202614379085,-0.7805462170562105,9,,0
threshold_ge_2,2,strict_primary,full_per_distinct_tag,AS_M_over_85,finland,2022,11,10,1,1511,38,0,0.0,0.0,49.42727272727273,0.41850267379679146,0.3603529411764706,-0.7241055183281518,10,,0
threshold_ge_2,2,strict_primary,full_per_distinct_tag,AS_M_over_85,finland,2023,11,11,0,2361,56,0,0.0,0.0,52.81818181818182,0.37860962566844925,0.37860962566844925,-0.8507122765217756,11,,0
threshold_ge_2,2,strict_primary,full_per_distinct_tag,AS_M_over_85,finland,2024,11,11,0,4056,22,1,6250.0,6250.0,59.31818181818182,0.30213903743315507,0.30213903743315507,-0.7741666178095952,11,,0
threshold_ge_2,2,strict_primary,full_per_distinct_tag,AS_M_over_85,ukraine,2019,15,15,0,778,7,0,0.0,0.0,27.740000000000002,0.6736470588235295,0.6736470588235295,-0.46712018376925146,15,,0
threshold_ge_2,2,strict_primary,full_per_distinct_tag,AS_M_over_85,ukraine,2020,14,12,2,719,5,0,0.0,0.0,26.45,0.6888235294117647,0.6369607843137255,-0.6576215737616535,12,,0
threshold_ge_2,2,strict_primary,full_per_distinct_tag,AS_M_over_85,ukraine,2021,15,15,0,904,10,0,0.0,0.0,33.766666666666666,0.6027450980392157,0.6027450980392157,-0.7523955985597512,15,,0
threshold_ge_2,2,strict_primary,full_per_distinct_tag,AS_M_over_85,ukraine,2022,15,15,0,927,6,0,0.0,0.0,33.266666666666666,0.6086274509803922,0.6086274509803922,-0.8280545409548441,15,,0
threshold_ge_2,2,strict_primary,full_per_distinct_tag,AS_M_over_85,ukraine,2023,13,13,0,1297,5,1,781.77,1563.54,38.26923076923077,0.5497737556561086,0.5497737556561086,-0.8510023768223292,13,,0
threshold_ge_2,2,strict_primary,full_per_distinct_tag,AS_M_over_85,ukraine,2024,13,13,0,1370,11,0,0.0,0.0,42.2,0.5035294117647059,0.5035294117647059,-0.7934365410254257,13,,0
no_threshold_ge_1,1,strict_primary,full_per_distinct_tag,AS_M_over_85,finland,2019,4,4,0,300,4,0,0.0,0.0,38.125,0.5514705882352942,0.5514705882352942,-0.6732807549623201,4,,0
no_threshold_ge_1,1,strict_primary,full_per_distinct_tag,AS_M_over_85,finland,2020,11,11,0,1338,40,0,0.0,0.0,46.47272727272727,0.45326203208556154,0.45326203208556154,-0.7034236435728639,11,,0
no_threshold_ge_1,1,strict_primary,full_per_distinct_tag,AS_M_over_85,finland,2021,9,9,0,1267,34,0,0.0,0.0,54.05555555555556,0.36405228758169933,0.36405228758169933,-0.7805163344966732,9,,0
no_threshold_ge_1,1,strict_primary,full_per_distinct_tag,AS_M_over_85,finland,2022,11,10,1,1511,38,0,0.0,0.0,49.42727272727273,0.41850267379679146,0.3603529411764706,-0.7241055183281518,10,,0
no_threshold_ge_1,1,strict_primary,full_per_distinct_tag,AS_M_over_85,finland,2023,11,11,0,2363,56,0,0.0,0.0,53.0,0.37647058823529417,0.37647058823529417,-0.8490589204172589,11,,0
no_threshold_ge_1,1,strict_primary,full_per_distinct_tag,AS_M_over_85,finland,2024,11,11,0,4058,22,1,6250.0,6250.0,59.5,0.3,0.3,-0.7737842534313956,11,,0
no_threshold_ge_1,1,strict_primary,full_per_distinct_tag,AS_M_over_85,ukraine,2019,15,15,0,790,7,0,0.0,0.0,28.30666666666667,0.6669803921568627,0.6669803921568627,-0.47203349741290485,15,,0
no_threshold_ge_1,1,strict_primary,full_per_distinct_tag,AS_M_over_85,ukraine,2020,14,12,2,740,5,0,0.0,0.0,27.164285714285715,0.6804201680672268,0.627156862745098,-0.6295908998496124,12,,0
no_threshold_ge_1,1,strict_primary,full_per_distinct_tag,AS_M_over_85,ukraine,2021,15,15,0,914,10,0,0.0,0.0,34.266666666666666,0.5968627450980393,0.5968627450980393,-0.7550802291617853,15,,0
no_threshold_ge_1,1,strict_primary,full_per_distinct_tag,AS_M_over_85,ukraine,2022,15,15,0,930,6,0,0.0,0.0,33.5,0.6058823529411764,0.6058823529411764,-0.8356713283384327,15,,0
no_threshold_ge_1,1,strict_primary,full_per_distinct_tag,AS_M_over_85,ukraine,2023,13,13,0,1310,5,1,781.77,1563.54,39.26923076923077,0.5380090497737556,0.5380090497737556,-0.8322912070537648,13,,0
no_threshold_ge_1,1,strict_primary,full_per_distinct_tag,AS_M_over_85,ukraine,2024,13,13,0,1382,11,0,0.0,0.0,43.08461538461539,0.49312217194570135,0.49312217194570135,-0.7937400665668765,13,,0
symmetric_normalized_alignment,3,strict_primary,full_per_distinct_tag,symmetric_normalized_L1_over_10,finland,2019,4,4,0,292,4,0,0.0,0.0,,,,,0,0.5,4
symmetric_normalized_alignment,3,strict_primary,full_per_distinct_tag,symmetric_normalized_L1_over_10,finland,2020,11,11,0,1244,40,0,0.0,0.0,,,,,0,0.5,11
symmetric_normalized_alignment,3,strict_primary,full_per_distinct_tag,symmetric_normalized_L1_over_10,finland,2021,9,9,0,1225,34,0,0.0,0.0,,,,,0,0.5,9
symmetric_normalized_alignment,3,strict_primary,full_per_distinct_tag,symmetric_normalized_L1_over_10,finland,2022,11,10,1,1464,38,0,0.0,0.0,,,,,0,0.5,10
symmetric_normalized_alignment,3,strict_primary,full_per_distinct_tag,symmetric_normalized_L1_over_10,finland,2023,11,10,1,2302,56,0,0.0,0.0,,,,,0,0.5,10
symmetric_normalized_alignment,3,strict_primary,full_per_distinct_tag,symmetric_normalized_L1_over_10,finland,2024,11,11,0,4012,22,1,6250.0,6250.0,,,,,0,0.460708782742681,11
symmetric_normalized_alignment,3,strict_primary,full_per_distinct_tag,symmetric_normalized_L1_over_10,ukraine,2019,15,14,1,687,7,0,0.0,0.0,,,,,0,0.5,14
symmetric_normalized_alignment,3,strict_primary,full_per_distinct_tag,symmetric_normalized_L1_over_10,ukraine,2020,14,12,2,603,5,0,0.0,0.0,,,,,0,0.5,12
symmetric_normalized_alignment,3,strict_primary,full_per_distinct_tag,symmetric_normalized_L1_over_10,ukraine,2021,15,15,0,826,10,0,0.0,0.0,,,,,0,0.5,15
symmetric_normalized_alignment,3,strict_primary,full_per_distinct_tag,symmetric_normalized_L1_over_10,ukraine,2022,15,15,0,852,6,0,0.0,0.0,,,,,0,0.5,15
symmetric_normalized_alignment,3,strict_primary,full_per_distinct_tag,symmetric_normalized_L1_over_10,ukraine,2023,13,13,0,1232,5,1,781.77,1563.54,,,,,0,0.47652347652347654,13
symmetric_normalized_alignment,3,strict_primary,full_per_distinct_tag,symmetric_normalized_L1_over_10,ukraine,2024,13,13,0,1324,11,0,0.0,0.0,,,,,0,0.5,13
